"VerificationID","TheoremID","VerificationTitle","DesignStatus","EvidenceStatus","ExecutionStatus","ResultStatus","PrimaryMethod","IndependentVariable","DependentVariable","ControlCondition","TestCondition","Reproducibility","Version","Notes"
"MS-VER-T1-001","MS-T1","Governed Initiation Comparative Trial","DESIGN_CANDIDATE","NOT_COLLECTED","NOT_STARTED","OPEN","CONTROLLED_OBSERVER_TRIAL","ENTRY_CONDITION","MATERIAL_SEMANTIC_DIVERGENCE","UNRESTRICTED_ENTRY","GOVERNED_INITIATION","REQUIRED","0.1.0","Executable verification package instantiated at volumes/VOLUME_I_FOUNDATION/verification/MS-T1_GOVERNED_INITIATION_TRIAL."
"MS-VER-T2-001","MS-T2","Dependency Drift Propagation Trial","DESIGN_CANDIDATE","NOT_COLLECTED","NOT_STARTED","OPEN","SEEDED_DIVERGENCE_EXPERIMENT","UPSTREAM_REPRESENTATION","DOWNSTREAM_DIVERGENCE_RATE","CANONICAL_UPSTREAM_OBJECT","MATERIALLY_DIVERGENT_UPSTREAM_OBJECT","REQUIRED","0.1.0","Executable verification package instantiated at volumes/VOLUME_I_FOUNDATION/verification/MS-T2_DEPENDENCY_PROPAGATION_TRIAL."
"MS-VER-T3-001","MS-T3","Capability Authority Separation Trial","DESIGN_CANDIDATE","NOT_COLLECTED","NOT_STARTED","OPEN","GOVERNANCE_SIMULATION","AUTHORITY_MODEL","UNAUTHORIZED_ACTION_RATE","CAPABILITY_INFERENCE","EXPLICIT_ASSIGNMENT","REQUIRED","0.1.0","Executable verification package instantiated at volumes/VOLUME_I_FOUNDATION/verification/MS-T3_CAPABILITY_AUTHORITY_SEPARATION_TRIAL."
"MS-VER-T4-001","MS-T4","Domain and Version Transfer Trial","DESIGN_CANDIDATE","NOT_COLLECTED","NOT_STARTED","OPEN","CROSS_DOMAIN_RECONSTRUCTION_TEST","DOMAIN_VERSION_DISTANCE","TRANSFERRED_COMPETENCE_ACCURACY","SAME_DOMAIN_SAME_VERSION","DIFFERENT_DOMAIN_OR_MATERIAL_VERSION","REQUIRED","0.1.0","Executable verification package instantiated at volumes/VOLUME_I_FOUNDATION/verification/MS-T4_DOMAIN_VERSION_RELATIVITY_TRIAL."
"MS-VER-T5-001","MS-T5","Material Revision Revalidation Trial","DESIGN_CANDIDATE","NOT_COLLECTED","NOT_STARTED","OPEN","PRE_POST_REVISION_ASSESSMENT","REVALIDATION_STATUS","POST_REVISION_CONVERGENCE","REVALIDATED_OBSERVER","NON_REVALIDATED_OBSERVER","REQUIRED","0.1.0","Executable verification package instantiated at volumes/VOLUME_I_FOUNDATION/verification/MS-T5_MATERIAL_CHANGE_REVALIDATION_TRIAL."
"MS-VER-T6-001","MS-T6","Uncertainty Erasure Consequence Trial","DESIGN_CANDIDATE","NOT_COLLECTED","NOT_STARTED","OPEN","REPRESENTATION_COMPARISON","UNCERTAINTY_REPRESENTATION","SEMANTIC_OPERATIONAL_DISTORTION","CANONICAL_UNCERTAINTY","UNSUPPORTED_CERTAINTY","REQUIRED","0.1.0","Executable verification package instantiated at volumes/VOLUME_I_FOUNDATION/verification/MS-T6_UNCERTAINTY_NON_ERASURE_TRIAL."
"MS-VER-T7-001","MS-T7","Authority Scope Boundary Trial","DESIGN_CANDIDATE","NOT_COLLECTED","NOT_STARTED","OPEN","ROLE_BOUNDARY_SIMULATION","SCOPE_ASSIGNMENT_MODEL","AUTHORITY_EXPANSION_RATE","IMPLIED_SCOPE","EXPLICIT_BOUNDED_SCOPE","REQUIRED","0.1.0","Test whether explicit boundaries reduce unauthorized scope expansion."
"MS-VER-T8-001","MS-T8","Collective Competence Governance Trial","DESIGN_CANDIDATE","NOT_COLLECTED","NOT_STARTED","OPEN","COLLECTIVE_DECISION_SIMULATION","GOVERNANCE_STRUCTURE","COLLECTIVE_COMPETENCE","UNGOVERNED_COMPETENCE_DISTRIBUTION","GOVERNED_COMPETENCE_DISTRIBUTION","REQUIRED","0.1.0","Evaluate whether collective competence depends on governance structure."
"MS-VER-T9-001","MS-T9","Computational Performance Authority Trial","DESIGN_CANDIDATE","NOT_COLLECTED","NOT_STARTED","OPEN","COMPUTATIONAL_OBSERVER_ASSESSMENT","PERFORMANCE_AND_AUTHORITY_ASSIGNMENT","CANONICAL_AUTHORITY_COHERENCE","HIGH_PERFORMANCE_WITHOUT_ASSIGNMENT","HIGH_PERFORMANCE_WITH_BOUNDED_ASSIGNMENT","REQUIRED","0.1.0","Test whether performance remains distinct from canonical authority."
