"ScriptName","RelativePath","UsesHashing","UsesCsv","UsesValidation","UsesBatchPaths","ImportsSharedModule","Functions"
"Invoke-BatchAStage3ProposalEngine.ps1","volumes\VOLUME_I_FOUNDATION\verification\readiness\BATCH_EXECUTION\BATCH_A\Engine\Invoke-BatchAStage3ProposalEngine.ps1","True","True","True","True","False","Get-DeterministicHash; Get-IdentifierPrefix; Get-DeterministicIdentifier; Write-AtomicCsv"
"Invoke-MorningStarRepositoryCleanup.ps1","Invoke-MorningStarRepositoryCleanup.ps1","True","True","True","True","False",""
"Invoke-MS-T1T2ControlledExecution.ps1","tools\verification\Invoke-MS-T1T2ControlledExecution.ps1","False","True","True","False","False","Get-CsvColumns; Test-RowMeaningful; Get-RowIdentity; Get-FileValidation"
"Invoke-MS-T1T2ExecutionReadiness.ps1","tools\verification\Invoke-MS-T1T2ExecutionReadiness.ps1","False","True","False","False","False","Get-CellValue; Test-MeaningfulRow; Get-CsvAudit; Get-MissingFieldRecords"
"New-MS-T1T2EvidenceCollectionPacket.ps1","tools\verification\New-MS-T1T2EvidenceCollectionPacket.ps1","False","True","True","False","False","Get-CsvColumns; Get-IdentityColumn; Get-FieldAuthority; Get-FieldInstruction"
"New-MS-T1T2ExactEntryBlueprint.ps1","tools\verification\New-MS-T1T2ExactEntryBlueprint.ps1","False","True","True","False","False","Convert-ToMarkdownValue; Get-CsvHeader"
"New-MS-T1T2ExecutionWorkspaces.ps1","tools\verification\New-MS-T1T2ExecutionWorkspaces.ps1","False","True","True","False","False","Get-CsvHeader; Get-RowIdColumn; New-BlankCsvRecord"
"repair-stage5.ps1","repair-stage5.ps1","True","True","True","True","False",""
"Test-MS-T1T2PreExecutionCompletion.ps1","volumes\VOLUME_I_FOUNDATION\verification\readiness\MS-T1_T2_PREEXECUTION_COMPLETION\Test-MS-T1T2PreExecutionCompletion.ps1","False","True","True","False","False",""
