"CsvFile","TheoremID","SourceFile","CsvRow","RecordIdentity","EntryAuthority","FieldName","ProposedValue","SourceReference","ReviewStatus"
"volumes/VOLUME_I_FOUNDATION/verification/readiness/MS-T1_T2_FIELD_AUTHORITY_REGISTER.csv","MS-T1","","","","CONTROLLED_ID_ASSIGNMENT","AssessmentID","","",""
"volumes/VOLUME_I_FOUNDATION/verification/execution/MS-T1_CONTROLLED_EXECUTION/00_COLLECTION_PACKET/SEMANTIC_ASSESSMENTS.FIELD_GUIDE.csv","MS-T1","","","","CONTROLLED_ID_ASSIGNMENT","AssessmentID","","",""
"volumes/VOLUME_I_FOUNDATION/verification/readiness/MS-T1_T2_FIELD_AUTHORITY_REGISTER.csv","MS-T1","","","","CONTROLLED_ID_ASSIGNMENT","AssessorID","","",""
"volumes/VOLUME_I_FOUNDATION/verification/execution/MS-T1_CONTROLLED_EXECUTION/00_COLLECTION_PACKET/SEMANTIC_ASSESSMENTS.FIELD_GUIDE.csv","MS-T1","","","","CONTROLLED_ID_ASSIGNMENT","AssessorID","","",""
"volumes/VOLUME_I_FOUNDATION/verification/execution/MS-T1_CONTROLLED_EXECUTION/00_COLLECTION_PACKET/TRIAL_CASES.FIELD_GUIDE.csv","MS-T1","","","","CONTROLLED_ID_ASSIGNMENT","CaseID","","",""
"volumes/VOLUME_I_FOUNDATION/verification/readiness/MS-T1_T2_FIELD_AUTHORITY_REGISTER.csv","MS-T1","","","","CONTROLLED_ID_ASSIGNMENT","CaseID","","",""
"volumes/VOLUME_I_FOUNDATION/verification/execution/MS-T1_CONTROLLED_EXECUTION/00_COLLECTION_PACKET/OBSERVER_RESPONSES.FIELD_GUIDE.csv","MS-T1","","","","CONTROLLED_ID_ASSIGNMENT","CaseID","","",""
"volumes/VOLUME_I_FOUNDATION/verification/readiness/MS-T1_T2_FIELD_AUTHORITY_REGISTER.csv","MS-T1","","","","CONTROLLED_ID_ASSIGNMENT","CaseID","","",""
"volumes/VOLUME_I_FOUNDATION/verification/readiness/MS-T1_T2_FIELD_AUTHORITY_REGISTER.csv","MS-T1","","","","CONTROLLED_ID_ASSIGNMENT","FrameworkID","","",""
"volumes/VOLUME_I_FOUNDATION/verification/execution/MS-T1_CONTROLLED_EXECUTION/00_COLLECTION_PACKET/TRIAL_CASES.FIELD_GUIDE.csv","MS-T1","","","","CONTROLLED_ID_ASSIGNMENT","FrameworkID","","",""
"volumes/VOLUME_I_FOUNDATION/verification/readiness/MS-T1_T2_FIELD_AUTHORITY_REGISTER.csv","MS-T1","","","","CONTROLLED_ID_ASSIGNMENT","GovernedObjectID","","",""
"volumes/VOLUME_I_FOUNDATION/verification/execution/MS-T1_CONTROLLED_EXECUTION/00_COLLECTION_PACKET/TRIAL_CASES.FIELD_GUIDE.csv","MS-T1","","","","CONTROLLED_ID_ASSIGNMENT","GovernedObjectID","","",""
"volumes/VOLUME_I_FOUNDATION/verification/readiness/MS-T1_T2_FIELD_AUTHORITY_REGISTER.csv","MS-T1","","","","CONTROLLED_ID_ASSIGNMENT","ObserverID","","",""
"volumes/VOLUME_I_FOUNDATION/verification/execution/MS-T1_CONTROLLED_EXECUTION/00_COLLECTION_PACKET/OBSERVER_RESPONSES.FIELD_GUIDE.csv","MS-T1","","","","CONTROLLED_ID_ASSIGNMENT","ObserverID","","",""
"volumes/VOLUME_I_FOUNDATION/verification/readiness/MS-T1_T2_FIELD_AUTHORITY_REGISTER.csv","MS-T1","","","","CONTROLLED_ID_ASSIGNMENT","PropertyID","","",""
"volumes/VOLUME_I_FOUNDATION/verification/execution/MS-T1_CONTROLLED_EXECUTION/00_COLLECTION_PACKET/SEMANTIC_ASSESSMENTS.FIELD_GUIDE.csv","MS-T1","","","","CONTROLLED_ID_ASSIGNMENT","PropertyID","","",""
"volumes/VOLUME_I_FOUNDATION/verification/readiness/MS-T1_T2_FIELD_AUTHORITY_REGISTER.csv","MS-T1","","","","CONTROLLED_ID_ASSIGNMENT","ResponseID","","",""
"volumes/VOLUME_I_FOUNDATION/verification/readiness/MS-T1_T2_FIELD_AUTHORITY_REGISTER.csv","MS-T1","","","","CONTROLLED_ID_ASSIGNMENT","ResponseID","","",""
"volumes/VOLUME_I_FOUNDATION/verification/execution/MS-T1_CONTROLLED_EXECUTION/00_COLLECTION_PACKET/OBSERVER_RESPONSES.FIELD_GUIDE.csv","MS-T1","","","","CONTROLLED_ID_ASSIGNMENT","ResponseID","","",""
"volumes/VOLUME_I_FOUNDATION/verification/execution/MS-T1_CONTROLLED_EXECUTION/00_COLLECTION_PACKET/SEMANTIC_ASSESSMENTS.FIELD_GUIDE.csv","MS-T1","","","","CONTROLLED_ID_ASSIGNMENT","ResponseID","","",""
"volumes/VOLUME_I_FOUNDATION/verification/readiness/MS-T1_T2_FIELD_AUTHORITY_REGISTER.csv","MS-T1","","","","GOVERNED_CASE_DESIGN","AuthoritySource","","",""
"volumes/VOLUME_I_FOUNDATION/verification/execution/MS-T1_CONTROLLED_EXECUTION/00_COLLECTION_PACKET/TRIAL_CASES.FIELD_GUIDE.csv","MS-T1","","","","GOVERNED_CASE_DESIGN","AuthoritySource","","",""
"volumes/VOLUME_I_FOUNDATION/verification/readiness/MS-T1_T2_FIELD_AUTHORITY_REGISTER.csv","MS-T1","","","","GOVERNED_CASE_DESIGN","CanonicalSource","","",""
"volumes/VOLUME_I_FOUNDATION/verification/execution/MS-T1_CONTROLLED_EXECUTION/00_COLLECTION_PACKET/TRIAL_CASES.FIELD_GUIDE.csv","MS-T1","","","","GOVERNED_CASE_DESIGN","CanonicalSource","","",""
"volumes/VOLUME_I_FOUNDATION/verification/readiness/MS-T1_T2_FIELD_AUTHORITY_REGISTER.csv","MS-T1","","","","GOVERNED_CASE_DESIGN","CaseStatus","","",""
"volumes/VOLUME_I_FOUNDATION/verification/execution/MS-T1_CONTROLLED_EXECUTION/00_COLLECTION_PACKET/TRIAL_CASES.FIELD_GUIDE.csv","MS-T1","","","","GOVERNED_CASE_DESIGN","CaseStatus","","",""
"volumes/VOLUME_I_FOUNDATION/verification/execution/MS-T1_CONTROLLED_EXECUTION/00_COLLECTION_PACKET/TRIAL_CASES.FIELD_GUIDE.csv","MS-T1","","","","GOVERNED_CASE_DESIGN","DependencyIDs","","",""
"volumes/VOLUME_I_FOUNDATION/verification/readiness/MS-T1_T2_FIELD_AUTHORITY_REGISTER.csv","MS-T1","","","","GOVERNED_CASE_DESIGN","DependencyIDs","","",""
"volumes/VOLUME_I_FOUNDATION/verification/execution/MS-T1_CONTROLLED_EXECUTION/00_COLLECTION_PACKET/TRIAL_CASES.FIELD_GUIDE.csv","MS-T1","","","","GOVERNED_CASE_DESIGN","GoverningVersion","","",""
"volumes/VOLUME_I_FOUNDATION/verification/readiness/MS-T1_T2_FIELD_AUTHORITY_REGISTER.csv","MS-T1","","","","GOVERNED_CASE_DESIGN","GoverningVersion","","",""
"volumes/VOLUME_I_FOUNDATION/verification/readiness/MS-T1_T2_FIELD_AUTHORITY_REGISTER.csv","MS-T1","","","","GOVERNED_CASE_DESIGN","MaterialPropertyCount","","",""
"volumes/VOLUME_I_FOUNDATION/verification/execution/MS-T1_CONTROLLED_EXECUTION/00_COLLECTION_PACKET/TRIAL_CASES.FIELD_GUIDE.csv","MS-T1","","","","GOVERNED_CASE_DESIGN","MaterialPropertyCount","","",""
"volumes/VOLUME_I_FOUNDATION/verification/readiness/MS-T1_T2_FIELD_AUTHORITY_REGISTER.csv","MS-T1","","","","GOVERNED_CASE_DESIGN","UncertaintyState","","",""
"volumes/VOLUME_I_FOUNDATION/verification/execution/MS-T1_CONTROLLED_EXECUTION/00_COLLECTION_PACKET/TRIAL_CASES.FIELD_GUIDE.csv","MS-T1","","","","GOVERNED_CASE_DESIGN","UncertaintyState","","",""
"volumes/VOLUME_I_FOUNDATION/verification/execution/MS-T1_CONTROLLED_EXECUTION/00_COLLECTION_PACKET/TRIAL_CASES.MISSING_VALUES.csv","MS-T1","","2","MS-T1-CASE-001","CONTROLLED_ID_ASSIGNMENT","","","",""
"volumes/VOLUME_I_FOUNDATION/verification/readiness/MS-T1_T2_MISSING_VALUE_WORKLIST.csv","MS-T1","","2","UNASSIGNED-ROW-2","CONTROLLED_ID_ASSIGNMENT","","","",""
"volumes/VOLUME_I_FOUNDATION/verification/readiness/MS-T1_T2_MISSING_VALUE_WORKLIST.csv","MS-T1","","2","MS-T1-CASE-001","CONTROLLED_ID_ASSIGNMENT","","","",""
"volumes/VOLUME_I_FOUNDATION/verification/readiness/MS-T1_T2_MISSING_VALUE_WORKLIST.csv","MS-T1","","2","MS-T1-CASE-001","CONTROLLED_ID_ASSIGNMENT","","","",""
"volumes/VOLUME_I_FOUNDATION/verification/readiness/MS-T1_T2_MISSING_VALUE_WORKLIST.csv","MS-T1","","2","UNASSIGNED-ROW-2","CONTROLLED_ID_ASSIGNMENT","","","",""
"volumes/VOLUME_I_FOUNDATION/verification/execution/MS-T1_CONTROLLED_EXECUTION/00_COLLECTION_PACKET/TRIAL_CASES.MISSING_VALUES.csv","MS-T1","","2","MS-T1-CASE-001","CONTROLLED_ID_ASSIGNMENT","","","",""
"volumes/VOLUME_I_FOUNDATION/verification/execution/MS-T1_CONTROLLED_EXECUTION/00_COLLECTION_PACKET/SEMANTIC_ASSESSMENTS.MISSING_VALUES.csv","MS-T1","","2","UNASSIGNED-ROW-2","CONTROLLED_ID_ASSIGNMENT","","","",""
"volumes/VOLUME_I_FOUNDATION/verification/readiness/MS-T1_T2_MISSING_VALUE_WORKLIST.csv","MS-T1","","2","UNASSIGNED-ROW-2","CONTROLLED_ID_ASSIGNMENT","","","",""
"volumes/VOLUME_I_FOUNDATION/verification/readiness/MS-T1_T2_MISSING_VALUE_WORKLIST.csv","MS-T1","","2","UNASSIGNED-ROW-2","CONTROLLED_ID_ASSIGNMENT","","","",""
"volumes/VOLUME_I_FOUNDATION/verification/readiness/MS-T1_T2_MISSING_VALUE_WORKLIST.csv","MS-T1","","2","UNASSIGNED-ROW-2","CONTROLLED_ID_ASSIGNMENT","","","",""
"volumes/VOLUME_I_FOUNDATION/verification/readiness/MS-T1_T2_MISSING_VALUE_WORKLIST.csv","MS-T1","","2","UNASSIGNED-ROW-2","CONTROLLED_ID_ASSIGNMENT","","","",""
"volumes/VOLUME_I_FOUNDATION/verification/execution/MS-T1_CONTROLLED_EXECUTION/00_COLLECTION_PACKET/SEMANTIC_ASSESSMENTS.MISSING_VALUES.csv","MS-T1","","2","UNASSIGNED-ROW-2","CONTROLLED_ID_ASSIGNMENT","","","",""
"volumes/VOLUME_I_FOUNDATION/verification/readiness/MS-T1_T2_MISSING_VALUE_WORKLIST.csv","MS-T1","","2","UNASSIGNED-ROW-2","CONTROLLED_ID_ASSIGNMENT","","","",""
"volumes/VOLUME_I_FOUNDATION/verification/execution/MS-T1_CONTROLLED_EXECUTION/00_COLLECTION_PACKET/OBSERVER_RESPONSES.MISSING_VALUES.csv","MS-T1","","2","UNASSIGNED-ROW-2","CONTROLLED_ID_ASSIGNMENT","","","",""
"volumes/VOLUME_I_FOUNDATION/verification/execution/MS-T1_CONTROLLED_EXECUTION/00_COLLECTION_PACKET/SEMANTIC_ASSESSMENTS.MISSING_VALUES.csv","MS-T1","","2","UNASSIGNED-ROW-2","CONTROLLED_ID_ASSIGNMENT","","","",""
"volumes/VOLUME_I_FOUNDATION/verification/execution/MS-T1_CONTROLLED_EXECUTION/00_COLLECTION_PACKET/OBSERVER_RESPONSES.MISSING_VALUES.csv","MS-T1","","2","UNASSIGNED-ROW-2","CONTROLLED_ID_ASSIGNMENT","","","",""
"volumes/VOLUME_I_FOUNDATION/verification/execution/MS-T1_CONTROLLED_EXECUTION/00_COLLECTION_PACKET/OBSERVER_RESPONSES.MISSING_VALUES.csv","MS-T1","","2","UNASSIGNED-ROW-2","CONTROLLED_ID_ASSIGNMENT","","","",""
"volumes/VOLUME_I_FOUNDATION/verification/execution/MS-T1_CONTROLLED_EXECUTION/00_COLLECTION_PACKET/SEMANTIC_ASSESSMENTS.MISSING_VALUES.csv","MS-T1","","2","UNASSIGNED-ROW-2","CONTROLLED_ID_ASSIGNMENT","","","",""
"volumes/VOLUME_I_FOUNDATION/verification/readiness/MS-T1_T2_PREEXECUTION_COMPLETION/PREEXECUTION_COMPLETION_WORKLIST.csv","MS-T1","","2","UNASSIGNED-ROW-2","CONTROLLED_ID_ASSIGNMENT","AssessmentID","","","NOT_COMPLETED"
"volumes/VOLUME_I_FOUNDATION/verification/readiness/MS-T1_T2_PREEXECUTION_COMPLETION/PREEXECUTION_COMPLETION_WORKLIST.csv","MS-T1","","2","UNASSIGNED-ROW-2","CONTROLLED_ID_ASSIGNMENT","AssessorID","","","NOT_COMPLETED"
"volumes/VOLUME_I_FOUNDATION/verification/readiness/MS-T1_T2_PREEXECUTION_COMPLETION/PREEXECUTION_COMPLETION_WORKLIST.csv","MS-T1","","2","UNASSIGNED-ROW-2","CONTROLLED_ID_ASSIGNMENT","CaseID","","","NOT_COMPLETED"
"volumes/VOLUME_I_FOUNDATION/verification/readiness/MS-T1_T2_PREEXECUTION_COMPLETION/PREEXECUTION_COMPLETION_WORKLIST.csv","MS-T1","","2","MS-T1-CASE-001","CONTROLLED_ID_ASSIGNMENT","FrameworkID","","","NOT_COMPLETED"
"volumes/VOLUME_I_FOUNDATION/verification/readiness/MS-T1_T2_PREEXECUTION_COMPLETION/PREEXECUTION_COMPLETION_WORKLIST.csv","MS-T1","","2","MS-T1-CASE-001","CONTROLLED_ID_ASSIGNMENT","GovernedObjectID","","","NOT_COMPLETED"
"volumes/VOLUME_I_FOUNDATION/verification/readiness/MS-T1_T2_PREEXECUTION_COMPLETION/PREEXECUTION_COMPLETION_WORKLIST.csv","MS-T1","","2","UNASSIGNED-ROW-2","CONTROLLED_ID_ASSIGNMENT","ObserverID","","","NOT_COMPLETED"
"volumes/VOLUME_I_FOUNDATION/verification/readiness/MS-T1_T2_PREEXECUTION_COMPLETION/PREEXECUTION_COMPLETION_WORKLIST.csv","MS-T1","","2","UNASSIGNED-ROW-2","CONTROLLED_ID_ASSIGNMENT","PropertyID","","","NOT_COMPLETED"
"volumes/VOLUME_I_FOUNDATION/verification/readiness/MS-T1_T2_PREEXECUTION_COMPLETION/PREEXECUTION_COMPLETION_WORKLIST.csv","MS-T1","","2","UNASSIGNED-ROW-2","CONTROLLED_ID_ASSIGNMENT","ResponseID","","","NOT_COMPLETED"
"volumes/VOLUME_I_FOUNDATION/verification/readiness/MS-T1_T2_PREEXECUTION_COMPLETION/PREEXECUTION_COMPLETION_WORKLIST.csv","MS-T1","","2","UNASSIGNED-ROW-2","CONTROLLED_ID_ASSIGNMENT","ResponseID","","","NOT_COMPLETED"
"volumes/VOLUME_I_FOUNDATION/verification/execution/MS-T1_CONTROLLED_EXECUTION/00_COLLECTION_PACKET/TRIAL_CASES.MISSING_VALUES.csv","MS-T1","","2","MS-T1-CASE-001","GOVERNED_CASE_DESIGN","","","",""
"volumes/VOLUME_I_FOUNDATION/verification/readiness/MS-T1_T2_MISSING_VALUE_WORKLIST.csv","MS-T1","","2","MS-T1-CASE-001","GOVERNED_CASE_DESIGN","","","",""
"volumes/VOLUME_I_FOUNDATION/verification/readiness/MS-T1_T2_MISSING_VALUE_WORKLIST.csv","MS-T1","","2","MS-T1-CASE-001","GOVERNED_CASE_DESIGN","","","",""
"volumes/VOLUME_I_FOUNDATION/verification/execution/MS-T1_CONTROLLED_EXECUTION/00_COLLECTION_PACKET/TRIAL_CASES.MISSING_VALUES.csv","MS-T1","","2","MS-T1-CASE-001","GOVERNED_CASE_DESIGN","","","",""
"volumes/VOLUME_I_FOUNDATION/verification/execution/MS-T1_CONTROLLED_EXECUTION/00_COLLECTION_PACKET/TRIAL_CASES.MISSING_VALUES.csv","MS-T1","","2","MS-T1-CASE-001","GOVERNED_CASE_DESIGN","","","",""
"volumes/VOLUME_I_FOUNDATION/verification/execution/MS-T1_CONTROLLED_EXECUTION/00_COLLECTION_PACKET/TRIAL_CASES.MISSING_VALUES.csv","MS-T1","","2","MS-T1-CASE-001","GOVERNED_CASE_DESIGN","","","",""
"volumes/VOLUME_I_FOUNDATION/verification/readiness/MS-T1_T2_MISSING_VALUE_WORKLIST.csv","MS-T1","","2","MS-T1-CASE-001","GOVERNED_CASE_DESIGN","","","",""
"volumes/VOLUME_I_FOUNDATION/verification/readiness/MS-T1_T2_MISSING_VALUE_WORKLIST.csv","MS-T1","","2","MS-T1-CASE-001","GOVERNED_CASE_DESIGN","","","",""
"volumes/VOLUME_I_FOUNDATION/verification/readiness/MS-T1_T2_MISSING_VALUE_WORKLIST.csv","MS-T1","","2","MS-T1-CASE-001","GOVERNED_CASE_DESIGN","","","",""
"volumes/VOLUME_I_FOUNDATION/verification/readiness/MS-T1_T2_MISSING_VALUE_WORKLIST.csv","MS-T1","","2","MS-T1-CASE-001","GOVERNED_CASE_DESIGN","","","",""
"volumes/VOLUME_I_FOUNDATION/verification/execution/MS-T1_CONTROLLED_EXECUTION/00_COLLECTION_PACKET/TRIAL_CASES.MISSING_VALUES.csv","MS-T1","","2","MS-T1-CASE-001","GOVERNED_CASE_DESIGN","","","",""
"volumes/VOLUME_I_FOUNDATION/verification/execution/MS-T1_CONTROLLED_EXECUTION/00_COLLECTION_PACKET/TRIAL_CASES.MISSING_VALUES.csv","MS-T1","","2","MS-T1-CASE-001","GOVERNED_CASE_DESIGN","","","",""
"volumes/VOLUME_I_FOUNDATION/verification/readiness/MS-T1_T2_PREEXECUTION_COMPLETION/PREEXECUTION_COMPLETION_WORKLIST.csv","MS-T1","","2","MS-T1-CASE-001","GOVERNED_CASE_DESIGN","AuthoritySource","","","NOT_COMPLETED"
"volumes/VOLUME_I_FOUNDATION/verification/readiness/MS-T1_T2_PREEXECUTION_COMPLETION/PREEXECUTION_COMPLETION_WORKLIST.csv","MS-T1","","2","MS-T1-CASE-001","GOVERNED_CASE_DESIGN","CanonicalSource","","","NOT_COMPLETED"
"volumes/VOLUME_I_FOUNDATION/verification/readiness/MS-T1_T2_PREEXECUTION_COMPLETION/PREEXECUTION_COMPLETION_WORKLIST.csv","MS-T1","","2","MS-T1-CASE-001","GOVERNED_CASE_DESIGN","DependencyIDs","","","NOT_COMPLETED"
"volumes/VOLUME_I_FOUNDATION/verification/readiness/MS-T1_T2_PREEXECUTION_COMPLETION/PREEXECUTION_COMPLETION_WORKLIST.csv","MS-T1","","2","MS-T1-CASE-001","GOVERNED_CASE_DESIGN","GoverningVersion","","","NOT_COMPLETED"
"volumes/VOLUME_I_FOUNDATION/verification/readiness/MS-T1_T2_PREEXECUTION_COMPLETION/PREEXECUTION_COMPLETION_WORKLIST.csv","MS-T1","","2","MS-T1-CASE-001","GOVERNED_CASE_DESIGN","MaterialPropertyCount","","","NOT_COMPLETED"
"volumes/VOLUME_I_FOUNDATION/verification/readiness/MS-T1_T2_PREEXECUTION_COMPLETION/PREEXECUTION_COMPLETION_WORKLIST.csv","MS-T1","","2","MS-T1-CASE-001","GOVERNED_CASE_DESIGN","UncertaintyState","","","NOT_COMPLETED"
"volumes/VOLUME_I_FOUNDATION/verification/readiness/CONTROLLED_ID_AUTHORITY/CONTROLLED_ID_ISSUANCE_REGISTER.csv","MS-T1","OBSERVER_RESPONSES.csv","2","UNASSIGNED-ROW-2","","CaseID","","",""
"volumes/VOLUME_I_FOUNDATION/verification/readiness/MS-T1_T2_PREEXECUTION_COMPLETION/PREEXECUTION_VALIDATION_REGISTER.csv","MS-T1","OBSERVER_RESPONSES.csv","2","UNASSIGNED-ROW-2","","CaseID","","",""
"volumes/VOLUME_I_FOUNDATION/verification/readiness/MS-T1_T2_PREEXECUTION_COMPLETION/completion_forms/MS-T1/MS-T1_OBSERVER_RESPONSES_ROW-2_UNASSIGNED-ROW-2.csv","MS-T1","OBSERVER_RESPONSES.csv","2","UNASSIGNED-ROW-2","CONTROLLED_ID_ASSIGNMENT","CaseID","MST1-CASE-0001","./volumes/VOLUME_I_FOUNDATION/verification/readiness/CONTROLLED_ID_AUTHORITY/CONTROLLED_ID_ISSUANCE_REGISTER.csv#IssuanceID=MS-ID-ISS-000001","PENDING_REVIEW"
"volumes/VOLUME_I_FOUNDATION/verification/readiness/MS-T1_T2_PREEXECUTION_COMPLETION/completion_forms/MS-T1/MS-T1_OBSERVER_RESPONSES_ROW-2_UNASSIGNED-ROW-2.csv","MS-T1","OBSERVER_RESPONSES.csv","2","UNASSIGNED-ROW-2","CONTROLLED_ID_ASSIGNMENT","ObserverID","","","NOT_COMPLETED"
"volumes/VOLUME_I_FOUNDATION/verification/readiness/MS-T1_T2_PREEXECUTION_COMPLETION/completion_forms/MS-T1/MS-T1_OBSERVER_RESPONSES_ROW-2_UNASSIGNED-ROW-2.csv","MS-T1","OBSERVER_RESPONSES.csv","2","UNASSIGNED-ROW-2","CONTROLLED_ID_ASSIGNMENT","ResponseID","","","NOT_COMPLETED"
"volumes/VOLUME_I_FOUNDATION/verification/readiness/MS-T1_T2_PREEXECUTION_COMPLETION/PREEXECUTION_VALIDATION_REGISTER.csv","MS-T1","SEMANTIC_ASSESSMENTS.csv","2","UNASSIGNED-ROW-2","","AssessmentID","","",""
"volumes/VOLUME_I_FOUNDATION/verification/readiness/MS-T1_T2_PREEXECUTION_COMPLETION/completion_forms/MS-T1/MS-T1_SEMANTIC_ASSESSMENTS_ROW-2_UNASSIGNED-ROW-2.csv","MS-T1","SEMANTIC_ASSESSMENTS.csv","2","UNASSIGNED-ROW-2","CONTROLLED_ID_ASSIGNMENT","AssessmentID","","","NOT_COMPLETED"
"volumes/VOLUME_I_FOUNDATION/verification/readiness/MS-T1_T2_PREEXECUTION_COMPLETION/completion_forms/MS-T1/MS-T1_SEMANTIC_ASSESSMENTS_ROW-2_UNASSIGNED-ROW-2.csv","MS-T1","SEMANTIC_ASSESSMENTS.csv","2","UNASSIGNED-ROW-2","CONTROLLED_ID_ASSIGNMENT","AssessorID","","","NOT_COMPLETED"
"volumes/VOLUME_I_FOUNDATION/verification/readiness/MS-T1_T2_PREEXECUTION_COMPLETION/completion_forms/MS-T1/MS-T1_SEMANTIC_ASSESSMENTS_ROW-2_UNASSIGNED-ROW-2.csv","MS-T1","SEMANTIC_ASSESSMENTS.csv","2","UNASSIGNED-ROW-2","CONTROLLED_ID_ASSIGNMENT","PropertyID","","","NOT_COMPLETED"
"volumes/VOLUME_I_FOUNDATION/verification/readiness/MS-T1_T2_PREEXECUTION_COMPLETION/completion_forms/MS-T1/MS-T1_SEMANTIC_ASSESSMENTS_ROW-2_UNASSIGNED-ROW-2.csv","MS-T1","SEMANTIC_ASSESSMENTS.csv","2","UNASSIGNED-ROW-2","CONTROLLED_ID_ASSIGNMENT","ResponseID","","","NOT_COMPLETED"
"volumes/VOLUME_I_FOUNDATION/verification/readiness/MS-T1_T2_PREEXECUTION_COMPLETION/completion_forms/MS-T1/MS-T1_TRIAL_CASES_ROW-2_MS-T1-CASE-001.csv","MS-T1","TRIAL_CASES.csv","2","MS-T1-CASE-001","CONTROLLED_ID_ASSIGNMENT","FrameworkID","","","NOT_COMPLETED"
"volumes/VOLUME_I_FOUNDATION/verification/readiness/MS-T1_T2_PREEXECUTION_COMPLETION/completion_forms/MS-T1/MS-T1_TRIAL_CASES_ROW-2_MS-T1-CASE-001.csv","MS-T1","TRIAL_CASES.csv","2","MS-T1-CASE-001","CONTROLLED_ID_ASSIGNMENT","GovernedObjectID","","","NOT_COMPLETED"
"volumes/VOLUME_I_FOUNDATION/verification/readiness/MS-T1_T2_PREEXECUTION_COMPLETION/completion_forms/MS-T1/MS-T1_TRIAL_CASES_ROW-2_MS-T1-CASE-001.csv","MS-T1","TRIAL_CASES.csv","2","MS-T1-CASE-001","GOVERNED_CASE_DESIGN","AuthoritySource","","","NOT_COMPLETED"
"volumes/VOLUME_I_FOUNDATION/verification/readiness/MS-T1_T2_PREEXECUTION_COMPLETION/completion_forms/MS-T1/MS-T1_TRIAL_CASES_ROW-2_MS-T1-CASE-001.csv","MS-T1","TRIAL_CASES.csv","2","MS-T1-CASE-001","GOVERNED_CASE_DESIGN","CanonicalSource","","","NOT_COMPLETED"
"volumes/VOLUME_I_FOUNDATION/verification/readiness/MS-T1_T2_PREEXECUTION_COMPLETION/completion_forms/MS-T1/MS-T1_TRIAL_CASES_ROW-2_MS-T1-CASE-001.csv","MS-T1","TRIAL_CASES.csv","2","MS-T1-CASE-001","GOVERNED_CASE_DESIGN","DependencyIDs","","","NOT_COMPLETED"
"volumes/VOLUME_I_FOUNDATION/verification/readiness/MS-T1_T2_PREEXECUTION_COMPLETION/completion_forms/MS-T1/MS-T1_TRIAL_CASES_ROW-2_MS-T1-CASE-001.csv","MS-T1","TRIAL_CASES.csv","2","MS-T1-CASE-001","GOVERNED_CASE_DESIGN","GoverningVersion","","","NOT_COMPLETED"
"volumes/VOLUME_I_FOUNDATION/verification/readiness/MS-T1_T2_PREEXECUTION_COMPLETION/completion_forms/MS-T1/MS-T1_TRIAL_CASES_ROW-2_MS-T1-CASE-001.csv","MS-T1","TRIAL_CASES.csv","2","MS-T1-CASE-001","GOVERNED_CASE_DESIGN","MaterialPropertyCount","","","NOT_COMPLETED"
"volumes/VOLUME_I_FOUNDATION/verification/readiness/MS-T1_T2_PREEXECUTION_COMPLETION/completion_forms/MS-T1/MS-T1_TRIAL_CASES_ROW-2_MS-T1-CASE-001.csv","MS-T1","TRIAL_CASES.csv","2","MS-T1-CASE-001","GOVERNED_CASE_DESIGN","UncertaintyState","","","NOT_COMPLETED"
"volumes/VOLUME_I_FOUNDATION/verification/execution/MS-T2_CONTROLLED_EXECUTION/00_COLLECTION_PACKET/DOWNSTREAM_ASSESSMENTS.FIELD_GUIDE.csv","MS-T2","","","","CONTROLLED_ID_ASSIGNMENT","AssessmentID","","",""
"volumes/VOLUME_I_FOUNDATION/verification/readiness/MS-T1_T2_FIELD_AUTHORITY_REGISTER.csv","MS-T2","","","","CONTROLLED_ID_ASSIGNMENT","AssessmentID","","",""
"volumes/VOLUME_I_FOUNDATION/verification/execution/MS-T2_CONTROLLED_EXECUTION/00_COLLECTION_PACKET/DOWNSTREAM_ASSESSMENTS.FIELD_GUIDE.csv","MS-T2","","","","CONTROLLED_ID_ASSIGNMENT","AssessorID","","",""
"volumes/VOLUME_I_FOUNDATION/verification/readiness/MS-T1_T2_FIELD_AUTHORITY_REGISTER.csv","MS-T2","","","","CONTROLLED_ID_ASSIGNMENT","AssessorID","","",""
"volumes/VOLUME_I_FOUNDATION/verification/execution/MS-T2_CONTROLLED_EXECUTION/00_COLLECTION_PACKET/PROPAGATION_EVENTS.FIELD_GUIDE.csv","MS-T2","","","","CONTROLLED_ID_ASSIGNMENT","CaseID","","",""
"volumes/VOLUME_I_FOUNDATION/verification/readiness/MS-T1_T2_FIELD_AUTHORITY_REGISTER.csv","MS-T2","","","","CONTROLLED_ID_ASSIGNMENT","CaseID","","",""
"volumes/VOLUME_I_FOUNDATION/verification/readiness/MS-T1_T2_FIELD_AUTHORITY_REGISTER.csv","MS-T2","","","","CONTROLLED_ID_ASSIGNMENT","CaseID","","",""
"volumes/VOLUME_I_FOUNDATION/verification/execution/MS-T2_CONTROLLED_EXECUTION/00_COLLECTION_PACKET/DOWNSTREAM_ASSESSMENTS.FIELD_GUIDE.csv","MS-T2","","","","CONTROLLED_ID_ASSIGNMENT","CaseID","","",""
"volumes/VOLUME_I_FOUNDATION/verification/readiness/MS-T1_T2_FIELD_AUTHORITY_REGISTER.csv","MS-T2","","","","CONTROLLED_ID_ASSIGNMENT","CaseID","","",""
"volumes/VOLUME_I_FOUNDATION/verification/execution/MS-T2_CONTROLLED_EXECUTION/00_COLLECTION_PACKET/TRIAL_CASES.FIELD_GUIDE.csv","MS-T2","","","","CONTROLLED_ID_ASSIGNMENT","CaseID","","",""
"volumes/VOLUME_I_FOUNDATION/verification/execution/MS-T2_CONTROLLED_EXECUTION/00_COLLECTION_PACKET/TRIAL_CASES.FIELD_GUIDE.csv","MS-T2","","","","CONTROLLED_ID_ASSIGNMENT","ChainID","","",""
"volumes/VOLUME_I_FOUNDATION/verification/readiness/MS-T1_T2_FIELD_AUTHORITY_REGISTER.csv","MS-T2","","","","CONTROLLED_ID_ASSIGNMENT","ChainID","","",""
"volumes/VOLUME_I_FOUNDATION/verification/execution/MS-T2_CONTROLLED_EXECUTION/00_COLLECTION_PACKET/DEPENDENCY_CHAINS.FIELD_GUIDE.csv","MS-T2","","","","CONTROLLED_ID_ASSIGNMENT","ChainID","","",""
"volumes/VOLUME_I_FOUNDATION/verification/readiness/MS-T1_T2_FIELD_AUTHORITY_REGISTER.csv","MS-T2","","","","CONTROLLED_ID_ASSIGNMENT","ChainID","","",""
"volumes/VOLUME_I_FOUNDATION/verification/readiness/MS-T1_T2_FIELD_AUTHORITY_REGISTER.csv","MS-T2","","","","CONTROLLED_ID_ASSIGNMENT","DependencyEdgeID","","",""
"volumes/VOLUME_I_FOUNDATION/verification/execution/MS-T2_CONTROLLED_EXECUTION/00_COLLECTION_PACKET/PROPAGATION_EVENTS.FIELD_GUIDE.csv","MS-T2","","","","CONTROLLED_ID_ASSIGNMENT","DependencyEdgeID","","",""
"volumes/VOLUME_I_FOUNDATION/verification/readiness/MS-T1_T2_FIELD_AUTHORITY_REGISTER.csv","MS-T2","","","","CONTROLLED_ID_ASSIGNMENT","EventID","","",""
"volumes/VOLUME_I_FOUNDATION/verification/execution/MS-T2_CONTROLLED_EXECUTION/00_COLLECTION_PACKET/PROPAGATION_EVENTS.FIELD_GUIDE.csv","MS-T2","","","","CONTROLLED_ID_ASSIGNMENT","EventID","","",""
"volumes/VOLUME_I_FOUNDATION/verification/readiness/MS-T1_T2_FIELD_AUTHORITY_REGISTER.csv","MS-T2","","","","CONTROLLED_ID_ASSIGNMENT","ObjectID","","",""
"volumes/VOLUME_I_FOUNDATION/verification/execution/MS-T2_CONTROLLED_EXECUTION/00_COLLECTION_PACKET/DOWNSTREAM_ASSESSMENTS.FIELD_GUIDE.csv","MS-T2","","","","CONTROLLED_ID_ASSIGNMENT","ObjectID","","",""
"volumes/VOLUME_I_FOUNDATION/verification/execution/MS-T2_CONTROLLED_EXECUTION/00_COLLECTION_PACKET/DEPENDENCY_CHAINS.FIELD_GUIDE.csv","MS-T2","","","","CONTROLLED_ID_ASSIGNMENT","RootObjectID","","",""
"volumes/VOLUME_I_FOUNDATION/verification/readiness/MS-T1_T2_FIELD_AUTHORITY_REGISTER.csv","MS-T2","","","","CONTROLLED_ID_ASSIGNMENT","RootObjectID","","",""
"volumes/VOLUME_I_FOUNDATION/verification/execution/MS-T2_CONTROLLED_EXECUTION/00_COLLECTION_PACKET/TRIAL_CASES.FIELD_GUIDE.csv","MS-T2","","","","CONTROLLED_ID_ASSIGNMENT","SeedObjectID","","",""
"volumes/VOLUME_I_FOUNDATION/verification/readiness/MS-T1_T2_FIELD_AUTHORITY_REGISTER.csv","MS-T2","","","","CONTROLLED_ID_ASSIGNMENT","SeedObjectID","","",""
"volumes/VOLUME_I_FOUNDATION/verification/execution/MS-T2_CONTROLLED_EXECUTION/00_COLLECTION_PACKET/PROPAGATION_EVENTS.FIELD_GUIDE.csv","MS-T2","","","","CONTROLLED_ID_ASSIGNMENT","SourceObjectID","","",""
"volumes/VOLUME_I_FOUNDATION/verification/readiness/MS-T1_T2_FIELD_AUTHORITY_REGISTER.csv","MS-T2","","","","CONTROLLED_ID_ASSIGNMENT","SourceObjectID","","",""
"volumes/VOLUME_I_FOUNDATION/verification/readiness/MS-T1_T2_FIELD_AUTHORITY_REGISTER.csv","MS-T2","","","","CONTROLLED_ID_ASSIGNMENT","TargetObjectID","","",""
"volumes/VOLUME_I_FOUNDATION/verification/execution/MS-T2_CONTROLLED_EXECUTION/00_COLLECTION_PACKET/PROPAGATION_EVENTS.FIELD_GUIDE.csv","MS-T2","","","","CONTROLLED_ID_ASSIGNMENT","TargetObjectID","","",""
"volumes/VOLUME_I_FOUNDATION/verification/execution/MS-T2_CONTROLLED_EXECUTION/00_COLLECTION_PACKET/DEPENDENCY_CHAINS.FIELD_GUIDE.csv","MS-T2","","","","CONTROLLED_ID_ASSIGNMENT","TerminalObjectID","","",""
"volumes/VOLUME_I_FOUNDATION/verification/readiness/MS-T1_T2_FIELD_AUTHORITY_REGISTER.csv","MS-T2","","","","CONTROLLED_ID_ASSIGNMENT","TerminalObjectID","","",""
"volumes/VOLUME_I_FOUNDATION/verification/readiness/MS-T1_T2_FIELD_AUTHORITY_REGISTER.csv","MS-T2","","","","GOVERNED_CASE_DESIGN","CaseStatus","","",""
"volumes/VOLUME_I_FOUNDATION/verification/execution/MS-T2_CONTROLLED_EXECUTION/00_COLLECTION_PACKET/TRIAL_CASES.FIELD_GUIDE.csv","MS-T2","","","","GOVERNED_CASE_DESIGN","CaseStatus","","",""
"volumes/VOLUME_I_FOUNDATION/verification/execution/MS-T2_CONTROLLED_EXECUTION/00_COLLECTION_PACKET/TRIAL_CASES.FIELD_GUIDE.csv","MS-T2","","","","GOVERNED_CASE_DESIGN","Condition","","",""
"volumes/VOLUME_I_FOUNDATION/verification/readiness/MS-T1_T2_FIELD_AUTHORITY_REGISTER.csv","MS-T2","","","","GOVERNED_CASE_DESIGN","Condition","","",""
"volumes/VOLUME_I_FOUNDATION/verification/readiness/MS-T1_T2_FIELD_AUTHORITY_REGISTER.csv","MS-T2","","","","GOVERNED_CASE_DESIGN","CorrectionEnabled","","",""
"volumes/VOLUME_I_FOUNDATION/verification/execution/MS-T2_CONTROLLED_EXECUTION/00_COLLECTION_PACKET/TRIAL_CASES.FIELD_GUIDE.csv","MS-T2","","","","GOVERNED_CASE_DESIGN","CorrectionEnabled","","",""
"volumes/VOLUME_I_FOUNDATION/verification/readiness/MS-T1_T2_FIELD_AUTHORITY_REGISTER.csv","MS-T2","","","","GOVERNED_CASE_DESIGN","DivergenceClass","","",""
"volumes/VOLUME_I_FOUNDATION/verification/execution/MS-T2_CONTROLLED_EXECUTION/00_COLLECTION_PACKET/TRIAL_CASES.FIELD_GUIDE.csv","MS-T2","","","","GOVERNED_CASE_DESIGN","DivergenceClass","","",""
"volumes/VOLUME_I_FOUNDATION/verification/execution/MS-T2_CONTROLLED_EXECUTION/00_COLLECTION_PACKET/TRIAL_CASES.FIELD_GUIDE.csv","MS-T2","","","","GOVERNED_CASE_DESIGN","OriginalValue","","",""
"volumes/VOLUME_I_FOUNDATION/verification/readiness/MS-T1_T2_FIELD_AUTHORITY_REGISTER.csv","MS-T2","","","","GOVERNED_CASE_DESIGN","OriginalValue","","",""
"volumes/VOLUME_I_FOUNDATION/verification/execution/MS-T2_CONTROLLED_EXECUTION/00_COLLECTION_PACKET/TRIAL_CASES.FIELD_GUIDE.csv","MS-T2","","","","GOVERNED_CASE_DESIGN","SeededValue","","",""
"volumes/VOLUME_I_FOUNDATION/verification/readiness/MS-T1_T2_FIELD_AUTHORITY_REGISTER.csv","MS-T2","","","","GOVERNED_CASE_DESIGN","SeededValue","","",""
"volumes/VOLUME_I_FOUNDATION/verification/execution/MS-T2_CONTROLLED_EXECUTION/00_COLLECTION_PACKET/TRIAL_CASES.FIELD_GUIDE.csv","MS-T2","","","","GOVERNED_CASE_DESIGN","SeedPropertyClass","","",""
"volumes/VOLUME_I_FOUNDATION/verification/readiness/MS-T1_T2_FIELD_AUTHORITY_REGISTER.csv","MS-T2","","","","GOVERNED_CASE_DESIGN","SeedPropertyClass","","",""
"volumes/VOLUME_I_FOUNDATION/verification/execution/MS-T2_CONTROLLED_EXECUTION/00_COLLECTION_PACKET/DEPENDENCY_CHAINS.FIELD_GUIDE.csv","MS-T2","","","","GOVERNED_DEPENDENCY_DESIGN","CanonicalSource","","",""
"volumes/VOLUME_I_FOUNDATION/verification/readiness/MS-T1_T2_FIELD_AUTHORITY_REGISTER.csv","MS-T2","","","","GOVERNED_DEPENDENCY_DESIGN","CanonicalSource","","",""
"volumes/VOLUME_I_FOUNDATION/verification/readiness/MS-T1_T2_FIELD_AUTHORITY_REGISTER.csv","MS-T2","","","","GOVERNED_DEPENDENCY_DESIGN","ChainName","","",""
"volumes/VOLUME_I_FOUNDATION/verification/execution/MS-T2_CONTROLLED_EXECUTION/00_COLLECTION_PACKET/DEPENDENCY_CHAINS.FIELD_GUIDE.csv","MS-T2","","","","GOVERNED_DEPENDENCY_DESIGN","ChainName","","",""
"volumes/VOLUME_I_FOUNDATION/verification/execution/MS-T2_CONTROLLED_EXECUTION/00_COLLECTION_PACKET/DEPENDENCY_CHAINS.FIELD_GUIDE.csv","MS-T2","","","","GOVERNED_DEPENDENCY_DESIGN","ChainStatus","","",""
"volumes/VOLUME_I_FOUNDATION/verification/readiness/MS-T1_T2_FIELD_AUTHORITY_REGISTER.csv","MS-T2","","","","GOVERNED_DEPENDENCY_DESIGN","ChainStatus","","",""
"volumes/VOLUME_I_FOUNDATION/verification/readiness/MS-T1_T2_FIELD_AUTHORITY_REGISTER.csv","MS-T2","","","","GOVERNED_DEPENDENCY_DESIGN","CorrectionAvailability","","",""
"volumes/VOLUME_I_FOUNDATION/verification/execution/MS-T2_CONTROLLED_EXECUTION/00_COLLECTION_PACKET/DEPENDENCY_CHAINS.FIELD_GUIDE.csv","MS-T2","","","","GOVERNED_DEPENDENCY_DESIGN","CorrectionAvailability","","",""
"volumes/VOLUME_I_FOUNDATION/verification/readiness/MS-T1_T2_FIELD_AUTHORITY_REGISTER.csv","MS-T2","","","","GOVERNED_DEPENDENCY_DESIGN","DependencyDepth","","",""
"volumes/VOLUME_I_FOUNDATION/verification/execution/MS-T2_CONTROLLED_EXECUTION/00_COLLECTION_PACKET/DEPENDENCY_CHAINS.FIELD_GUIDE.csv","MS-T2","","","","GOVERNED_DEPENDENCY_DESIGN","DependencyDepth","","",""
"volumes/VOLUME_I_FOUNDATION/verification/readiness/MS-T1_T2_FIELD_AUTHORITY_REGISTER.csv","MS-T2","","","","GOVERNED_DEPENDENCY_DESIGN","GoverningVersion","","",""
"volumes/VOLUME_I_FOUNDATION/verification/execution/MS-T2_CONTROLLED_EXECUTION/00_COLLECTION_PACKET/DEPENDENCY_CHAINS.FIELD_GUIDE.csv","MS-T2","","","","GOVERNED_DEPENDENCY_DESIGN","GoverningVersion","","",""
"volumes/VOLUME_I_FOUNDATION/verification/execution/MS-T2_CONTROLLED_EXECUTION/00_COLLECTION_PACKET/PROPAGATION_EVENTS.MISSING_VALUES.csv","MS-T2","","2","UNASSIGNED-ROW-2","CONTROLLED_ID_ASSIGNMENT","","","",""
"volumes/VOLUME_I_FOUNDATION/verification/execution/MS-T2_CONTROLLED_EXECUTION/00_COLLECTION_PACKET/PROPAGATION_EVENTS.MISSING_VALUES.csv","MS-T2","","2","UNASSIGNED-ROW-2","CONTROLLED_ID_ASSIGNMENT","","","",""
"volumes/VOLUME_I_FOUNDATION/verification/execution/MS-T2_CONTROLLED_EXECUTION/00_COLLECTION_PACKET/TRIAL_CASES.MISSING_VALUES.csv","MS-T2","","2","MS-T2-CASE-001-A","CONTROLLED_ID_ASSIGNMENT","","","",""
"volumes/VOLUME_I_FOUNDATION/verification/readiness/MS-T1_T2_MISSING_VALUE_WORKLIST.csv","MS-T2","","2","MS-T2-CASE-001-A","CONTROLLED_ID_ASSIGNMENT","","","",""
"volumes/VOLUME_I_FOUNDATION/verification/execution/MS-T2_CONTROLLED_EXECUTION/00_COLLECTION_PACKET/DOWNSTREAM_ASSESSMENTS.MISSING_VALUES.csv","MS-T2","","2","UNASSIGNED-ROW-2","CONTROLLED_ID_ASSIGNMENT","","","",""
"volumes/VOLUME_I_FOUNDATION/verification/execution/MS-T2_CONTROLLED_EXECUTION/00_COLLECTION_PACKET/DOWNSTREAM_ASSESSMENTS.MISSING_VALUES.csv","MS-T2","","2","UNASSIGNED-ROW-2","CONTROLLED_ID_ASSIGNMENT","","","",""
"volumes/VOLUME_I_FOUNDATION/verification/execution/MS-T2_CONTROLLED_EXECUTION/00_COLLECTION_PACKET/DEPENDENCY_CHAINS.MISSING_VALUES.csv","MS-T2","","2","MS-T2-CHAIN-001","CONTROLLED_ID_ASSIGNMENT","","","",""
"volumes/VOLUME_I_FOUNDATION/verification/execution/MS-T2_CONTROLLED_EXECUTION/00_COLLECTION_PACKET/DEPENDENCY_CHAINS.MISSING_VALUES.csv","MS-T2","","2","MS-T2-CHAIN-001","CONTROLLED_ID_ASSIGNMENT","","","",""
"volumes/VOLUME_I_FOUNDATION/verification/execution/MS-T2_CONTROLLED_EXECUTION/00_COLLECTION_PACKET/DOWNSTREAM_ASSESSMENTS.MISSING_VALUES.csv","MS-T2","","2","UNASSIGNED-ROW-2","CONTROLLED_ID_ASSIGNMENT","","","",""
"volumes/VOLUME_I_FOUNDATION/verification/execution/MS-T2_CONTROLLED_EXECUTION/00_COLLECTION_PACKET/PROPAGATION_EVENTS.MISSING_VALUES.csv","MS-T2","","2","UNASSIGNED-ROW-2","CONTROLLED_ID_ASSIGNMENT","","","",""
"volumes/VOLUME_I_FOUNDATION/verification/execution/MS-T2_CONTROLLED_EXECUTION/00_COLLECTION_PACKET/PROPAGATION_EVENTS.MISSING_VALUES.csv","MS-T2","","2","UNASSIGNED-ROW-2","CONTROLLED_ID_ASSIGNMENT","","","",""
"volumes/VOLUME_I_FOUNDATION/verification/execution/MS-T2_CONTROLLED_EXECUTION/00_COLLECTION_PACKET/DOWNSTREAM_ASSESSMENTS.MISSING_VALUES.csv","MS-T2","","2","UNASSIGNED-ROW-2","CONTROLLED_ID_ASSIGNMENT","","","",""
"volumes/VOLUME_I_FOUNDATION/verification/execution/MS-T2_CONTROLLED_EXECUTION/00_COLLECTION_PACKET/PROPAGATION_EVENTS.MISSING_VALUES.csv","MS-T2","","2","UNASSIGNED-ROW-2","CONTROLLED_ID_ASSIGNMENT","","","",""
"volumes/VOLUME_I_FOUNDATION/verification/readiness/MS-T1_T2_MISSING_VALUE_WORKLIST.csv","MS-T2","","2","UNASSIGNED-ROW-2","CONTROLLED_ID_ASSIGNMENT","","","",""
"volumes/VOLUME_I_FOUNDATION/verification/readiness/MS-T1_T2_MISSING_VALUE_WORKLIST.csv","MS-T2","","2","UNASSIGNED-ROW-2","CONTROLLED_ID_ASSIGNMENT","","","",""
"volumes/VOLUME_I_FOUNDATION/verification/readiness/MS-T1_T2_MISSING_VALUE_WORKLIST.csv","MS-T2","","2","UNASSIGNED-ROW-2","CONTROLLED_ID_ASSIGNMENT","","","",""
"volumes/VOLUME_I_FOUNDATION/verification/readiness/MS-T1_T2_MISSING_VALUE_WORKLIST.csv","MS-T2","","2","UNASSIGNED-ROW-2","CONTROLLED_ID_ASSIGNMENT","","","",""
"volumes/VOLUME_I_FOUNDATION/verification/readiness/MS-T1_T2_MISSING_VALUE_WORKLIST.csv","MS-T2","","2","UNASSIGNED-ROW-2","CONTROLLED_ID_ASSIGNMENT","","","",""
"volumes/VOLUME_I_FOUNDATION/verification/readiness/MS-T1_T2_MISSING_VALUE_WORKLIST.csv","MS-T2","","2","UNASSIGNED-ROW-2","CONTROLLED_ID_ASSIGNMENT","","","",""
"volumes/VOLUME_I_FOUNDATION/verification/readiness/MS-T1_T2_MISSING_VALUE_WORKLIST.csv","MS-T2","","2","UNASSIGNED-ROW-2","CONTROLLED_ID_ASSIGNMENT","","","",""
"volumes/VOLUME_I_FOUNDATION/verification/readiness/MS-T1_T2_MISSING_VALUE_WORKLIST.csv","MS-T2","","2","MS-T2-CHAIN-001","CONTROLLED_ID_ASSIGNMENT","","","",""
"volumes/VOLUME_I_FOUNDATION/verification/readiness/MS-T1_T2_MISSING_VALUE_WORKLIST.csv","MS-T2","","2","UNASSIGNED-ROW-2","CONTROLLED_ID_ASSIGNMENT","","","",""
"volumes/VOLUME_I_FOUNDATION/verification/readiness/MS-T1_T2_MISSING_VALUE_WORKLIST.csv","MS-T2","","2","MS-T2-CHAIN-001","CONTROLLED_ID_ASSIGNMENT","","","",""
"volumes/VOLUME_I_FOUNDATION/verification/readiness/MS-T1_T2_MISSING_VALUE_WORKLIST.csv","MS-T2","","2","UNASSIGNED-ROW-2","CONTROLLED_ID_ASSIGNMENT","","","",""
"volumes/VOLUME_I_FOUNDATION/verification/readiness/MS-T1_T2_PREEXECUTION_COMPLETION/PREEXECUTION_COMPLETION_WORKLIST.csv","MS-T2","","2","UNASSIGNED-ROW-2","CONTROLLED_ID_ASSIGNMENT","AssessmentID","","","NOT_COMPLETED"
"volumes/VOLUME_I_FOUNDATION/verification/readiness/MS-T1_T2_PREEXECUTION_COMPLETION/PREEXECUTION_COMPLETION_WORKLIST.csv","MS-T2","","2","UNASSIGNED-ROW-2","CONTROLLED_ID_ASSIGNMENT","AssessorID","","","NOT_COMPLETED"
"volumes/VOLUME_I_FOUNDATION/verification/readiness/MS-T1_T2_PREEXECUTION_COMPLETION/PREEXECUTION_COMPLETION_WORKLIST.csv","MS-T2","","2","UNASSIGNED-ROW-2","CONTROLLED_ID_ASSIGNMENT","CaseID","","","NOT_COMPLETED"
"volumes/VOLUME_I_FOUNDATION/verification/readiness/MS-T1_T2_PREEXECUTION_COMPLETION/PREEXECUTION_COMPLETION_WORKLIST.csv","MS-T2","","2","UNASSIGNED-ROW-2","CONTROLLED_ID_ASSIGNMENT","CaseID","","","NOT_COMPLETED"
"volumes/VOLUME_I_FOUNDATION/verification/readiness/MS-T1_T2_PREEXECUTION_COMPLETION/PREEXECUTION_COMPLETION_WORKLIST.csv","MS-T2","","2","UNASSIGNED-ROW-2","CONTROLLED_ID_ASSIGNMENT","DependencyEdgeID","","","NOT_COMPLETED"
"volumes/VOLUME_I_FOUNDATION/verification/readiness/MS-T1_T2_PREEXECUTION_COMPLETION/PREEXECUTION_COMPLETION_WORKLIST.csv","MS-T2","","2","UNASSIGNED-ROW-2","CONTROLLED_ID_ASSIGNMENT","EventID","","","NOT_COMPLETED"
"volumes/VOLUME_I_FOUNDATION/verification/readiness/MS-T1_T2_PREEXECUTION_COMPLETION/PREEXECUTION_COMPLETION_WORKLIST.csv","MS-T2","","2","UNASSIGNED-ROW-2","CONTROLLED_ID_ASSIGNMENT","ObjectID","","","NOT_COMPLETED"
"volumes/VOLUME_I_FOUNDATION/verification/readiness/MS-T1_T2_PREEXECUTION_COMPLETION/PREEXECUTION_COMPLETION_WORKLIST.csv","MS-T2","","2","MS-T2-CHAIN-001","CONTROLLED_ID_ASSIGNMENT","RootObjectID","","","NOT_COMPLETED"
"volumes/VOLUME_I_FOUNDATION/verification/readiness/MS-T1_T2_PREEXECUTION_COMPLETION/PREEXECUTION_COMPLETION_WORKLIST.csv","MS-T2","","2","MS-T2-CASE-001-A","CONTROLLED_ID_ASSIGNMENT","SeedObjectID","","","NOT_COMPLETED"
"volumes/VOLUME_I_FOUNDATION/verification/readiness/MS-T1_T2_PREEXECUTION_COMPLETION/PREEXECUTION_COMPLETION_WORKLIST.csv","MS-T2","","2","UNASSIGNED-ROW-2","CONTROLLED_ID_ASSIGNMENT","SourceObjectID","","","NOT_COMPLETED"
"volumes/VOLUME_I_FOUNDATION/verification/readiness/MS-T1_T2_PREEXECUTION_COMPLETION/PREEXECUTION_COMPLETION_WORKLIST.csv","MS-T2","","2","UNASSIGNED-ROW-2","CONTROLLED_ID_ASSIGNMENT","TargetObjectID","","","NOT_COMPLETED"
"volumes/VOLUME_I_FOUNDATION/verification/readiness/MS-T1_T2_PREEXECUTION_COMPLETION/PREEXECUTION_COMPLETION_WORKLIST.csv","MS-T2","","2","MS-T2-CHAIN-001","CONTROLLED_ID_ASSIGNMENT","TerminalObjectID","","","NOT_COMPLETED"
"volumes/VOLUME_I_FOUNDATION/verification/readiness/MS-T1_T2_MISSING_VALUE_WORKLIST.csv","MS-T2","","2","MS-T2-CASE-001-A","GOVERNED_CASE_DESIGN","","","",""
"volumes/VOLUME_I_FOUNDATION/verification/execution/MS-T2_CONTROLLED_EXECUTION/00_COLLECTION_PACKET/TRIAL_CASES.MISSING_VALUES.csv","MS-T2","","2","MS-T2-CASE-001-A","GOVERNED_CASE_DESIGN","","","",""
"volumes/VOLUME_I_FOUNDATION/verification/execution/MS-T2_CONTROLLED_EXECUTION/00_COLLECTION_PACKET/TRIAL_CASES.MISSING_VALUES.csv","MS-T2","","2","MS-T2-CASE-001-A","GOVERNED_CASE_DESIGN","","","",""
"volumes/VOLUME_I_FOUNDATION/verification/execution/MS-T2_CONTROLLED_EXECUTION/00_COLLECTION_PACKET/TRIAL_CASES.MISSING_VALUES.csv","MS-T2","","2","MS-T2-CASE-001-A","GOVERNED_CASE_DESIGN","","","",""
"volumes/VOLUME_I_FOUNDATION/verification/execution/MS-T2_CONTROLLED_EXECUTION/00_COLLECTION_PACKET/TRIAL_CASES.MISSING_VALUES.csv","MS-T2","","2","MS-T2-CASE-001-A","GOVERNED_CASE_DESIGN","","","",""
"volumes/VOLUME_I_FOUNDATION/verification/readiness/MS-T1_T2_MISSING_VALUE_WORKLIST.csv","MS-T2","","2","MS-T2-CASE-001-A","GOVERNED_CASE_DESIGN","","","",""
"volumes/VOLUME_I_FOUNDATION/verification/readiness/MS-T1_T2_MISSING_VALUE_WORKLIST.csv","MS-T2","","2","MS-T2-CASE-001-A","GOVERNED_CASE_DESIGN","","","",""
"volumes/VOLUME_I_FOUNDATION/verification/readiness/MS-T1_T2_MISSING_VALUE_WORKLIST.csv","MS-T2","","2","MS-T2-CASE-001-A","GOVERNED_CASE_DESIGN","","","",""
"volumes/VOLUME_I_FOUNDATION/verification/readiness/MS-T1_T2_PREEXECUTION_COMPLETION/PREEXECUTION_COMPLETION_WORKLIST.csv","MS-T2","","2","MS-T2-CASE-001-A","GOVERNED_CASE_DESIGN","CorrectionEnabled","","","NOT_COMPLETED"
"volumes/VOLUME_I_FOUNDATION/verification/readiness/MS-T1_T2_PREEXECUTION_COMPLETION/PREEXECUTION_COMPLETION_WORKLIST.csv","MS-T2","","2","MS-T2-CASE-001-A","GOVERNED_CASE_DESIGN","OriginalValue","","","NOT_COMPLETED"
"volumes/VOLUME_I_FOUNDATION/verification/readiness/MS-T1_T2_PREEXECUTION_COMPLETION/PREEXECUTION_COMPLETION_WORKLIST.csv","MS-T2","","2","MS-T2-CASE-001-A","GOVERNED_CASE_DESIGN","SeededValue","","","NOT_COMPLETED"
"volumes/VOLUME_I_FOUNDATION/verification/readiness/MS-T1_T2_PREEXECUTION_COMPLETION/PREEXECUTION_COMPLETION_WORKLIST.csv","MS-T2","","2","MS-T2-CASE-001-A","GOVERNED_CASE_DESIGN","SeedPropertyClass","","","NOT_COMPLETED"
"volumes/VOLUME_I_FOUNDATION/verification/execution/MS-T2_CONTROLLED_EXECUTION/00_COLLECTION_PACKET/DEPENDENCY_CHAINS.MISSING_VALUES.csv","MS-T2","","2","MS-T2-CHAIN-001","GOVERNED_DEPENDENCY_DESIGN","","","",""
"volumes/VOLUME_I_FOUNDATION/verification/execution/MS-T2_CONTROLLED_EXECUTION/00_COLLECTION_PACKET/DEPENDENCY_CHAINS.MISSING_VALUES.csv","MS-T2","","2","MS-T2-CHAIN-001","GOVERNED_DEPENDENCY_DESIGN","","","",""
"volumes/VOLUME_I_FOUNDATION/verification/readiness/MS-T1_T2_MISSING_VALUE_WORKLIST.csv","MS-T2","","2","MS-T2-CHAIN-001","GOVERNED_DEPENDENCY_DESIGN","","","",""
"volumes/VOLUME_I_FOUNDATION/verification/readiness/MS-T1_T2_MISSING_VALUE_WORKLIST.csv","MS-T2","","2","MS-T2-CHAIN-001","GOVERNED_DEPENDENCY_DESIGN","","","",""
"volumes/VOLUME_I_FOUNDATION/verification/execution/MS-T2_CONTROLLED_EXECUTION/00_COLLECTION_PACKET/DEPENDENCY_CHAINS.MISSING_VALUES.csv","MS-T2","","2","MS-T2-CHAIN-001","GOVERNED_DEPENDENCY_DESIGN","","","",""
"volumes/VOLUME_I_FOUNDATION/verification/readiness/MS-T1_T2_MISSING_VALUE_WORKLIST.csv","MS-T2","","2","MS-T2-CHAIN-001","GOVERNED_DEPENDENCY_DESIGN","","","",""
"volumes/VOLUME_I_FOUNDATION/verification/readiness/MS-T1_T2_MISSING_VALUE_WORKLIST.csv","MS-T2","","2","MS-T2-CHAIN-001","GOVERNED_DEPENDENCY_DESIGN","","","",""
"volumes/VOLUME_I_FOUNDATION/verification/readiness/MS-T1_T2_MISSING_VALUE_WORKLIST.csv","MS-T2","","2","MS-T2-CHAIN-001","GOVERNED_DEPENDENCY_DESIGN","","","",""
"volumes/VOLUME_I_FOUNDATION/verification/execution/MS-T2_CONTROLLED_EXECUTION/00_COLLECTION_PACKET/DEPENDENCY_CHAINS.MISSING_VALUES.csv","MS-T2","","2","MS-T2-CHAIN-001","GOVERNED_DEPENDENCY_DESIGN","","","",""
"volumes/VOLUME_I_FOUNDATION/verification/execution/MS-T2_CONTROLLED_EXECUTION/00_COLLECTION_PACKET/DEPENDENCY_CHAINS.MISSING_VALUES.csv","MS-T2","","2","MS-T2-CHAIN-001","GOVERNED_DEPENDENCY_DESIGN","","","",""
"volumes/VOLUME_I_FOUNDATION/verification/readiness/MS-T1_T2_PREEXECUTION_COMPLETION/PREEXECUTION_COMPLETION_WORKLIST.csv","MS-T2","","2","MS-T2-CHAIN-001","GOVERNED_DEPENDENCY_DESIGN","CanonicalSource","","","NOT_COMPLETED"
"volumes/VOLUME_I_FOUNDATION/verification/readiness/MS-T1_T2_PREEXECUTION_COMPLETION/PREEXECUTION_COMPLETION_WORKLIST.csv","MS-T2","","2","MS-T2-CHAIN-001","GOVERNED_DEPENDENCY_DESIGN","ChainName","","","NOT_COMPLETED"
"volumes/VOLUME_I_FOUNDATION/verification/readiness/MS-T1_T2_PREEXECUTION_COMPLETION/PREEXECUTION_COMPLETION_WORKLIST.csv","MS-T2","","2","MS-T2-CHAIN-001","GOVERNED_DEPENDENCY_DESIGN","CorrectionAvailability","","","NOT_COMPLETED"
"volumes/VOLUME_I_FOUNDATION/verification/readiness/MS-T1_T2_PREEXECUTION_COMPLETION/PREEXECUTION_COMPLETION_WORKLIST.csv","MS-T2","","2","MS-T2-CHAIN-001","GOVERNED_DEPENDENCY_DESIGN","DependencyDepth","","","NOT_COMPLETED"
"volumes/VOLUME_I_FOUNDATION/verification/readiness/MS-T1_T2_PREEXECUTION_COMPLETION/PREEXECUTION_COMPLETION_WORKLIST.csv","MS-T2","","2","MS-T2-CHAIN-001","GOVERNED_DEPENDENCY_DESIGN","GoverningVersion","","","NOT_COMPLETED"
"volumes/VOLUME_I_FOUNDATION/verification/execution/MS-T2_CONTROLLED_EXECUTION/00_COLLECTION_PACKET/TRIAL_CASES.MISSING_VALUES.csv","MS-T2","","3","MS-T2-CASE-001-B","CONTROLLED_ID_ASSIGNMENT","","","",""
"volumes/VOLUME_I_FOUNDATION/verification/readiness/MS-T1_T2_MISSING_VALUE_WORKLIST.csv","MS-T2","","3","MS-T2-CASE-001-B","CONTROLLED_ID_ASSIGNMENT","","","",""
"volumes/VOLUME_I_FOUNDATION/verification/readiness/MS-T1_T2_PREEXECUTION_COMPLETION/PREEXECUTION_COMPLETION_WORKLIST.csv","MS-T2","","3","MS-T2-CASE-001-B","CONTROLLED_ID_ASSIGNMENT","SeedObjectID","","","NOT_COMPLETED"
"volumes/VOLUME_I_FOUNDATION/verification/execution/MS-T2_CONTROLLED_EXECUTION/00_COLLECTION_PACKET/TRIAL_CASES.MISSING_VALUES.csv","MS-T2","","3","MS-T2-CASE-001-B","GOVERNED_CASE_DESIGN","","","",""
"volumes/VOLUME_I_FOUNDATION/verification/execution/MS-T2_CONTROLLED_EXECUTION/00_COLLECTION_PACKET/TRIAL_CASES.MISSING_VALUES.csv","MS-T2","","3","MS-T2-CASE-001-B","GOVERNED_CASE_DESIGN","","","",""
"volumes/VOLUME_I_FOUNDATION/verification/execution/MS-T2_CONTROLLED_EXECUTION/00_COLLECTION_PACKET/TRIAL_CASES.MISSING_VALUES.csv","MS-T2","","3","MS-T2-CASE-001-B","GOVERNED_CASE_DESIGN","","","",""
"volumes/VOLUME_I_FOUNDATION/verification/execution/MS-T2_CONTROLLED_EXECUTION/00_COLLECTION_PACKET/TRIAL_CASES.MISSING_VALUES.csv","MS-T2","","3","MS-T2-CASE-001-B","GOVERNED_CASE_DESIGN","","","",""
"volumes/VOLUME_I_FOUNDATION/verification/readiness/MS-T1_T2_MISSING_VALUE_WORKLIST.csv","MS-T2","","3","MS-T2-CASE-001-B","GOVERNED_CASE_DESIGN","","","",""
"volumes/VOLUME_I_FOUNDATION/verification/readiness/MS-T1_T2_MISSING_VALUE_WORKLIST.csv","MS-T2","","3","MS-T2-CASE-001-B","GOVERNED_CASE_DESIGN","","","",""
"volumes/VOLUME_I_FOUNDATION/verification/readiness/MS-T1_T2_MISSING_VALUE_WORKLIST.csv","MS-T2","","3","MS-T2-CASE-001-B","GOVERNED_CASE_DESIGN","","","",""
"volumes/VOLUME_I_FOUNDATION/verification/readiness/MS-T1_T2_MISSING_VALUE_WORKLIST.csv","MS-T2","","3","MS-T2-CASE-001-B","GOVERNED_CASE_DESIGN","","","",""
"volumes/VOLUME_I_FOUNDATION/verification/execution/MS-T2_CONTROLLED_EXECUTION/00_COLLECTION_PACKET/TRIAL_CASES.MISSING_VALUES.csv","MS-T2","","3","MS-T2-CASE-001-B","GOVERNED_CASE_DESIGN","","","",""
"volumes/VOLUME_I_FOUNDATION/verification/readiness/MS-T1_T2_MISSING_VALUE_WORKLIST.csv","MS-T2","","3","MS-T2-CASE-001-B","GOVERNED_CASE_DESIGN","","","",""
"volumes/VOLUME_I_FOUNDATION/verification/readiness/MS-T1_T2_PREEXECUTION_COMPLETION/PREEXECUTION_COMPLETION_WORKLIST.csv","MS-T2","","3","MS-T2-CASE-001-B","GOVERNED_CASE_DESIGN","CorrectionEnabled","","","NOT_COMPLETED"
"volumes/VOLUME_I_FOUNDATION/verification/readiness/MS-T1_T2_PREEXECUTION_COMPLETION/PREEXECUTION_COMPLETION_WORKLIST.csv","MS-T2","","3","MS-T2-CASE-001-B","GOVERNED_CASE_DESIGN","DivergenceClass","","","NOT_COMPLETED"
"volumes/VOLUME_I_FOUNDATION/verification/readiness/MS-T1_T2_PREEXECUTION_COMPLETION/PREEXECUTION_COMPLETION_WORKLIST.csv","MS-T2","","3","MS-T2-CASE-001-B","GOVERNED_CASE_DESIGN","OriginalValue","","","NOT_COMPLETED"
"volumes/VOLUME_I_FOUNDATION/verification/readiness/MS-T1_T2_PREEXECUTION_COMPLETION/PREEXECUTION_COMPLETION_WORKLIST.csv","MS-T2","","3","MS-T2-CASE-001-B","GOVERNED_CASE_DESIGN","SeededValue","","","NOT_COMPLETED"
"volumes/VOLUME_I_FOUNDATION/verification/readiness/MS-T1_T2_PREEXECUTION_COMPLETION/PREEXECUTION_COMPLETION_WORKLIST.csv","MS-T2","","3","MS-T2-CASE-001-B","GOVERNED_CASE_DESIGN","SeedPropertyClass","","","NOT_COMPLETED"
"volumes/VOLUME_I_FOUNDATION/verification/readiness/MS-T1_T2_PREEXECUTION_COMPLETION/completion_forms/MS-T2/MS-T2_DEPENDENCY_CHAINS_ROW-2_MS-T2-CHAIN-001.csv","MS-T2","DEPENDENCY_CHAINS.csv","2","MS-T2-CHAIN-001","CONTROLLED_ID_ASSIGNMENT","RootObjectID","","","NOT_COMPLETED"
"volumes/VOLUME_I_FOUNDATION/verification/readiness/MS-T1_T2_PREEXECUTION_COMPLETION/completion_forms/MS-T2/MS-T2_DEPENDENCY_CHAINS_ROW-2_MS-T2-CHAIN-001.csv","MS-T2","DEPENDENCY_CHAINS.csv","2","MS-T2-CHAIN-001","CONTROLLED_ID_ASSIGNMENT","TerminalObjectID","","","NOT_COMPLETED"
"volumes/VOLUME_I_FOUNDATION/verification/readiness/MS-T1_T2_PREEXECUTION_COMPLETION/completion_forms/MS-T2/MS-T2_DEPENDENCY_CHAINS_ROW-2_MS-T2-CHAIN-001.csv","MS-T2","DEPENDENCY_CHAINS.csv","2","MS-T2-CHAIN-001","GOVERNED_DEPENDENCY_DESIGN","CanonicalSource","","","NOT_COMPLETED"
"volumes/VOLUME_I_FOUNDATION/verification/readiness/MS-T1_T2_PREEXECUTION_COMPLETION/completion_forms/MS-T2/MS-T2_DEPENDENCY_CHAINS_ROW-2_MS-T2-CHAIN-001.csv","MS-T2","DEPENDENCY_CHAINS.csv","2","MS-T2-CHAIN-001","GOVERNED_DEPENDENCY_DESIGN","ChainName","","","NOT_COMPLETED"
"volumes/VOLUME_I_FOUNDATION/verification/readiness/MS-T1_T2_PREEXECUTION_COMPLETION/completion_forms/MS-T2/MS-T2_DEPENDENCY_CHAINS_ROW-2_MS-T2-CHAIN-001.csv","MS-T2","DEPENDENCY_CHAINS.csv","2","MS-T2-CHAIN-001","GOVERNED_DEPENDENCY_DESIGN","CorrectionAvailability","","","NOT_COMPLETED"
"volumes/VOLUME_I_FOUNDATION/verification/readiness/MS-T1_T2_PREEXECUTION_COMPLETION/completion_forms/MS-T2/MS-T2_DEPENDENCY_CHAINS_ROW-2_MS-T2-CHAIN-001.csv","MS-T2","DEPENDENCY_CHAINS.csv","2","MS-T2-CHAIN-001","GOVERNED_DEPENDENCY_DESIGN","DependencyDepth","","","NOT_COMPLETED"
"volumes/VOLUME_I_FOUNDATION/verification/readiness/MS-T1_T2_PREEXECUTION_COMPLETION/completion_forms/MS-T2/MS-T2_DEPENDENCY_CHAINS_ROW-2_MS-T2-CHAIN-001.csv","MS-T2","DEPENDENCY_CHAINS.csv","2","MS-T2-CHAIN-001","GOVERNED_DEPENDENCY_DESIGN","GoverningVersion","","","NOT_COMPLETED"
"volumes/VOLUME_I_FOUNDATION/verification/readiness/MS-T1_T2_PREEXECUTION_COMPLETION/PREEXECUTION_VALIDATION_REGISTER.csv","MS-T2","DOWNSTREAM_ASSESSMENTS.csv","2","UNASSIGNED-ROW-2","","AssessmentID","","",""
"volumes/VOLUME_I_FOUNDATION/verification/readiness/MS-T1_T2_PREEXECUTION_COMPLETION/PREEXECUTION_VALIDATION_REGISTER.csv","MS-T2","DOWNSTREAM_ASSESSMENTS.csv","2","UNASSIGNED-ROW-2","","CaseID","","",""
"volumes/VOLUME_I_FOUNDATION/verification/readiness/MS-T1_T2_PREEXECUTION_COMPLETION/completion_forms/MS-T2/MS-T2_DOWNSTREAM_ASSESSMENTS_ROW-2_UNASSIGNED-ROW-2.csv","MS-T2","DOWNSTREAM_ASSESSMENTS.csv","2","UNASSIGNED-ROW-2","CONTROLLED_ID_ASSIGNMENT","AssessmentID","","","NOT_COMPLETED"
"volumes/VOLUME_I_FOUNDATION/verification/readiness/MS-T1_T2_PREEXECUTION_COMPLETION/completion_forms/MS-T2/MS-T2_DOWNSTREAM_ASSESSMENTS_ROW-2_UNASSIGNED-ROW-2.csv","MS-T2","DOWNSTREAM_ASSESSMENTS.csv","2","UNASSIGNED-ROW-2","CONTROLLED_ID_ASSIGNMENT","AssessorID","","","NOT_COMPLETED"
"volumes/VOLUME_I_FOUNDATION/verification/readiness/MS-T1_T2_PREEXECUTION_COMPLETION/completion_forms/MS-T2/MS-T2_DOWNSTREAM_ASSESSMENTS_ROW-2_UNASSIGNED-ROW-2.csv","MS-T2","DOWNSTREAM_ASSESSMENTS.csv","2","UNASSIGNED-ROW-2","CONTROLLED_ID_ASSIGNMENT","CaseID","","","NOT_COMPLETED"
"volumes/VOLUME_I_FOUNDATION/verification/readiness/MS-T1_T2_PREEXECUTION_COMPLETION/completion_forms/MS-T2/MS-T2_DOWNSTREAM_ASSESSMENTS_ROW-2_UNASSIGNED-ROW-2.csv","MS-T2","DOWNSTREAM_ASSESSMENTS.csv","2","UNASSIGNED-ROW-2","CONTROLLED_ID_ASSIGNMENT","ObjectID","","","NOT_COMPLETED"
"volumes/VOLUME_I_FOUNDATION/verification/readiness/MS-T1_T2_PREEXECUTION_COMPLETION/PREEXECUTION_VALIDATION_REGISTER.csv","MS-T2","PROPAGATION_EVENTS.csv","2","UNASSIGNED-ROW-2","","CaseID","","",""
"volumes/VOLUME_I_FOUNDATION/verification/readiness/MS-T1_T2_PREEXECUTION_COMPLETION/completion_forms/MS-T2/MS-T2_PROPAGATION_EVENTS_ROW-2_UNASSIGNED-ROW-2.csv","MS-T2","PROPAGATION_EVENTS.csv","2","UNASSIGNED-ROW-2","CONTROLLED_ID_ASSIGNMENT","CaseID","","","NOT_COMPLETED"
"volumes/VOLUME_I_FOUNDATION/verification/readiness/MS-T1_T2_PREEXECUTION_COMPLETION/completion_forms/MS-T2/MS-T2_PROPAGATION_EVENTS_ROW-2_UNASSIGNED-ROW-2.csv","MS-T2","PROPAGATION_EVENTS.csv","2","UNASSIGNED-ROW-2","CONTROLLED_ID_ASSIGNMENT","DependencyEdgeID","","","NOT_COMPLETED"
"volumes/VOLUME_I_FOUNDATION/verification/readiness/MS-T1_T2_PREEXECUTION_COMPLETION/completion_forms/MS-T2/MS-T2_PROPAGATION_EVENTS_ROW-2_UNASSIGNED-ROW-2.csv","MS-T2","PROPAGATION_EVENTS.csv","2","UNASSIGNED-ROW-2","CONTROLLED_ID_ASSIGNMENT","EventID","","","NOT_COMPLETED"
"volumes/VOLUME_I_FOUNDATION/verification/readiness/MS-T1_T2_PREEXECUTION_COMPLETION/completion_forms/MS-T2/MS-T2_PROPAGATION_EVENTS_ROW-2_UNASSIGNED-ROW-2.csv","MS-T2","PROPAGATION_EVENTS.csv","2","UNASSIGNED-ROW-2","CONTROLLED_ID_ASSIGNMENT","SourceObjectID","","","NOT_COMPLETED"
"volumes/VOLUME_I_FOUNDATION/verification/readiness/MS-T1_T2_PREEXECUTION_COMPLETION/completion_forms/MS-T2/MS-T2_PROPAGATION_EVENTS_ROW-2_UNASSIGNED-ROW-2.csv","MS-T2","PROPAGATION_EVENTS.csv","2","UNASSIGNED-ROW-2","CONTROLLED_ID_ASSIGNMENT","TargetObjectID","","","NOT_COMPLETED"
"volumes/VOLUME_I_FOUNDATION/verification/readiness/MS-T1_T2_PREEXECUTION_COMPLETION/completion_forms/MS-T2/MS-T2_TRIAL_CASES_ROW-2_MS-T2-CASE-001-A.csv","MS-T2","TRIAL_CASES.csv","2","MS-T2-CASE-001-A","CONTROLLED_ID_ASSIGNMENT","SeedObjectID","","","NOT_COMPLETED"
"volumes/VOLUME_I_FOUNDATION/verification/readiness/MS-T1_T2_PREEXECUTION_COMPLETION/completion_forms/MS-T2/MS-T2_TRIAL_CASES_ROW-2_MS-T2-CASE-001-A.csv","MS-T2","TRIAL_CASES.csv","2","MS-T2-CASE-001-A","GOVERNED_CASE_DESIGN","CorrectionEnabled","","","NOT_COMPLETED"
"volumes/VOLUME_I_FOUNDATION/verification/readiness/MS-T1_T2_PREEXECUTION_COMPLETION/completion_forms/MS-T2/MS-T2_TRIAL_CASES_ROW-2_MS-T2-CASE-001-A.csv","MS-T2","TRIAL_CASES.csv","2","MS-T2-CASE-001-A","GOVERNED_CASE_DESIGN","OriginalValue","","","NOT_COMPLETED"
"volumes/VOLUME_I_FOUNDATION/verification/readiness/MS-T1_T2_PREEXECUTION_COMPLETION/completion_forms/MS-T2/MS-T2_TRIAL_CASES_ROW-2_MS-T2-CASE-001-A.csv","MS-T2","TRIAL_CASES.csv","2","MS-T2-CASE-001-A","GOVERNED_CASE_DESIGN","SeededValue","","","NOT_COMPLETED"
"volumes/VOLUME_I_FOUNDATION/verification/readiness/MS-T1_T2_PREEXECUTION_COMPLETION/completion_forms/MS-T2/MS-T2_TRIAL_CASES_ROW-2_MS-T2-CASE-001-A.csv","MS-T2","TRIAL_CASES.csv","2","MS-T2-CASE-001-A","GOVERNED_CASE_DESIGN","SeedPropertyClass","","","NOT_COMPLETED"
"volumes/VOLUME_I_FOUNDATION/verification/readiness/MS-T1_T2_PREEXECUTION_COMPLETION/completion_forms/MS-T2/MS-T2_TRIAL_CASES_ROW-3_MS-T2-CASE-001-B.csv","MS-T2","TRIAL_CASES.csv","3","MS-T2-CASE-001-B","CONTROLLED_ID_ASSIGNMENT","SeedObjectID","","","NOT_COMPLETED"
"volumes/VOLUME_I_FOUNDATION/verification/readiness/MS-T1_T2_PREEXECUTION_COMPLETION/completion_forms/MS-T2/MS-T2_TRIAL_CASES_ROW-3_MS-T2-CASE-001-B.csv","MS-T2","TRIAL_CASES.csv","3","MS-T2-CASE-001-B","GOVERNED_CASE_DESIGN","CorrectionEnabled","","","NOT_COMPLETED"
"volumes/VOLUME_I_FOUNDATION/verification/readiness/MS-T1_T2_PREEXECUTION_COMPLETION/completion_forms/MS-T2/MS-T2_TRIAL_CASES_ROW-3_MS-T2-CASE-001-B.csv","MS-T2","TRIAL_CASES.csv","3","MS-T2-CASE-001-B","GOVERNED_CASE_DESIGN","DivergenceClass","","","NOT_COMPLETED"
"volumes/VOLUME_I_FOUNDATION/verification/readiness/MS-T1_T2_PREEXECUTION_COMPLETION/completion_forms/MS-T2/MS-T2_TRIAL_CASES_ROW-3_MS-T2-CASE-001-B.csv","MS-T2","TRIAL_CASES.csv","3","MS-T2-CASE-001-B","GOVERNED_CASE_DESIGN","OriginalValue","","","NOT_COMPLETED"
"volumes/VOLUME_I_FOUNDATION/verification/readiness/MS-T1_T2_PREEXECUTION_COMPLETION/completion_forms/MS-T2/MS-T2_TRIAL_CASES_ROW-3_MS-T2-CASE-001-B.csv","MS-T2","TRIAL_CASES.csv","3","MS-T2-CASE-001-B","GOVERNED_CASE_DESIGN","SeededValue","","","NOT_COMPLETED"
"volumes/VOLUME_I_FOUNDATION/verification/readiness/MS-T1_T2_PREEXECUTION_COMPLETION/completion_forms/MS-T2/MS-T2_TRIAL_CASES_ROW-3_MS-T2-CASE-001-B.csv","MS-T2","TRIAL_CASES.csv","3","MS-T2-CASE-001-B","GOVERNED_CASE_DESIGN","SeedPropertyClass","","","NOT_COMPLETED"
