"TheoremID","TrialName","RecordType","SourceFile","SourceLine","Sequence","FieldOrRule","Classification","CurrentStatus"
"MS-T1","MS-T1_GOVERNED_INITIATION_TRIAL","CSV_SCHEMA","OBSERVER_RESPONSES.csv","1","1","ResponseID","SCHEMA_COLUMN","SCHEMA_PRESENT"
"MS-T1","MS-T1_GOVERNED_INITIATION_TRIAL","CSV_SCHEMA","OBSERVER_RESPONSES.csv","1","2","ObserverID","SCHEMA_COLUMN","SCHEMA_PRESENT"
"MS-T1","MS-T1_GOVERNED_INITIATION_TRIAL","CSV_SCHEMA","OBSERVER_RESPONSES.csv","1","3","CaseID","SCHEMA_COLUMN","SCHEMA_PRESENT"
"MS-T1","MS-T1_GOVERNED_INITIATION_TRIAL","CSV_SCHEMA","OBSERVER_RESPONSES.csv","1","4","EntryCondition","SCHEMA_COLUMN","SCHEMA_PRESENT"
"MS-T1","MS-T1_GOVERNED_INITIATION_TRIAL","CSV_SCHEMA","OBSERVER_RESPONSES.csv","1","5","ObserverClass","SCHEMA_COLUMN","SCHEMA_PRESENT"
"MS-T1","MS-T1_GOVERNED_INITIATION_TRIAL","CSV_SCHEMA","OBSERVER_RESPONSES.csv","1","6","PriorExposure","SCHEMA_COLUMN","SCHEMA_PRESENT"
"MS-T1","MS-T1_GOVERNED_INITIATION_TRIAL","CSV_SCHEMA","OBSERVER_RESPONSES.csv","1","7","SubmittedAt","SCHEMA_COLUMN","SCHEMA_PRESENT"
"MS-T1","MS-T1_GOVERNED_INITIATION_TRIAL","CSV_SCHEMA","OBSERVER_RESPONSES.csv","1","8","ResponseText","SCHEMA_COLUMN","SCHEMA_PRESENT"
"MS-T1","MS-T1_GOVERNED_INITIATION_TRIAL","CSV_SCHEMA","OBSERVER_RESPONSES.csv","1","9","SourceReferences","SCHEMA_COLUMN","SCHEMA_PRESENT"
"MS-T1","MS-T1_GOVERNED_INITIATION_TRIAL","CSV_SCHEMA","OBSERVER_RESPONSES.csv","1","10","DeclaredUncertainty","SCHEMA_COLUMN","SCHEMA_PRESENT"
"MS-T1","MS-T1_GOVERNED_INITIATION_TRIAL","CSV_SCHEMA","OBSERVER_RESPONSES.csv","1","11","ResponseStatus","SCHEMA_COLUMN","SCHEMA_PRESENT"
"MS-T1","MS-T1_GOVERNED_INITIATION_TRIAL","CSV_SCHEMA","SEMANTIC_ASSESSMENTS.csv","1","1","AssessmentID","SCHEMA_COLUMN","SCHEMA_PRESENT"
"MS-T1","MS-T1_GOVERNED_INITIATION_TRIAL","CSV_SCHEMA","SEMANTIC_ASSESSMENTS.csv","1","2","ResponseID","SCHEMA_COLUMN","SCHEMA_PRESENT"
"MS-T1","MS-T1_GOVERNED_INITIATION_TRIAL","CSV_SCHEMA","SEMANTIC_ASSESSMENTS.csv","1","3","PropertyID","SCHEMA_COLUMN","SCHEMA_PRESENT"
"MS-T1","MS-T1_GOVERNED_INITIATION_TRIAL","CSV_SCHEMA","SEMANTIC_ASSESSMENTS.csv","1","4","PropertyClass","SCHEMA_COLUMN","SCHEMA_PRESENT"
"MS-T1","MS-T1_GOVERNED_INITIATION_TRIAL","CSV_SCHEMA","SEMANTIC_ASSESSMENTS.csv","1","5","Compensability","SCHEMA_COLUMN","SCHEMA_PRESENT"
"MS-T1","MS-T1_GOVERNED_INITIATION_TRIAL","CSV_SCHEMA","SEMANTIC_ASSESSMENTS.csv","1","6","AssessorID","SCHEMA_COLUMN","SCHEMA_PRESENT"
"MS-T1","MS-T1_GOVERNED_INITIATION_TRIAL","CSV_SCHEMA","SEMANTIC_ASSESSMENTS.csv","1","7","AssessmentResult","SCHEMA_COLUMN","SCHEMA_PRESENT"
"MS-T1","MS-T1_GOVERNED_INITIATION_TRIAL","CSV_SCHEMA","SEMANTIC_ASSESSMENTS.csv","1","8","Materiality","SCHEMA_COLUMN","SCHEMA_PRESENT"
"MS-T1","MS-T1_GOVERNED_INITIATION_TRIAL","CSV_SCHEMA","SEMANTIC_ASSESSMENTS.csv","1","9","EvidenceReference","SCHEMA_COLUMN","SCHEMA_PRESENT"
"MS-T1","MS-T1_GOVERNED_INITIATION_TRIAL","CSV_SCHEMA","SEMANTIC_ASSESSMENTS.csv","1","10","Rationale","SCHEMA_COLUMN","SCHEMA_PRESENT"
"MS-T1","MS-T1_GOVERNED_INITIATION_TRIAL","CSV_SCHEMA","SEMANTIC_ASSESSMENTS.csv","1","11","AdjudicationStatus","SCHEMA_COLUMN","SCHEMA_PRESENT"
"MS-T1","MS-T1_GOVERNED_INITIATION_TRIAL","CSV_SCHEMA","SEMANTIC_ASSESSMENTS.csv","1","12","FinalResult","SCHEMA_COLUMN","SCHEMA_PRESENT"
"MS-T1","MS-T1_GOVERNED_INITIATION_TRIAL","CSV_SCHEMA","TRIAL_CASES.csv","1","1","CaseID","SCHEMA_COLUMN","SCHEMA_PRESENT"
"MS-T1","MS-T1_GOVERNED_INITIATION_TRIAL","CSV_SCHEMA","TRIAL_CASES.csv","1","2","GovernedObjectID","SCHEMA_COLUMN","SCHEMA_PRESENT"
"MS-T1","MS-T1_GOVERNED_INITIATION_TRIAL","CSV_SCHEMA","TRIAL_CASES.csv","1","3","FrameworkID","SCHEMA_COLUMN","SCHEMA_PRESENT"
"MS-T1","MS-T1_GOVERNED_INITIATION_TRIAL","CSV_SCHEMA","TRIAL_CASES.csv","1","4","GoverningVersion","SCHEMA_COLUMN","SCHEMA_PRESENT"
"MS-T1","MS-T1_GOVERNED_INITIATION_TRIAL","CSV_SCHEMA","TRIAL_CASES.csv","1","5","MaterialPropertyCount","SCHEMA_COLUMN","SCHEMA_PRESENT"
"MS-T1","MS-T1_GOVERNED_INITIATION_TRIAL","CSV_SCHEMA","TRIAL_CASES.csv","1","6","CanonicalSource","SCHEMA_COLUMN","SCHEMA_PRESENT"
"MS-T1","MS-T1_GOVERNED_INITIATION_TRIAL","CSV_SCHEMA","TRIAL_CASES.csv","1","7","DependencyIDs","SCHEMA_COLUMN","SCHEMA_PRESENT"
"MS-T1","MS-T1_GOVERNED_INITIATION_TRIAL","CSV_SCHEMA","TRIAL_CASES.csv","1","8","AuthoritySource","SCHEMA_COLUMN","SCHEMA_PRESENT"
"MS-T1","MS-T1_GOVERNED_INITIATION_TRIAL","CSV_SCHEMA","TRIAL_CASES.csv","1","9","UncertaintyState","SCHEMA_COLUMN","SCHEMA_PRESENT"
"MS-T1","MS-T1_GOVERNED_INITIATION_TRIAL","CSV_SCHEMA","TRIAL_CASES.csv","1","10","CaseStatus","SCHEMA_COLUMN","SCHEMA_PRESENT"
"MS-T1","MS-T1_GOVERNED_INITIATION_TRIAL","EXECUTION_RULE","DATA_DICTIONARY.md","11","77","| GovernedObjectID | Canonical identifier of the object under assessment. |","EVIDENCE","NOT_IMPLEMENTED"
"MS-T1","MS-T1_GOVERNED_INITIATION_TRIAL","EXECUTION_RULE","DATA_DICTIONARY.md","26","78","| ObserverID | Registered observer identifier. |","EVIDENCE","NOT_IMPLEMENTED"
"MS-T1","MS-T1_GOVERNED_INITIATION_TRIAL","EXECUTION_RULE","DATA_DICTIONARY.md","29","79","| ObserverClass | Declared observer class. |","EVIDENCE","NOT_IMPLEMENTED"
"MS-T1","MS-T1_GOVERNED_INITIATION_TRIAL","EXECUTION_RULE","DATA_DICTIONARY.md","32","80","| ResponseText | Observer reconstruction. |","EVIDENCE","NOT_IMPLEMENTED"
"MS-T1","MS-T1_GOVERNED_INITIATION_TRIAL","EXECUTION_RULE","DATA_DICTIONARY.md","33","81","| SourceReferences | Sources cited by the observer. |","EVIDENCE","NOT_IMPLEMENTED"
"MS-T1","MS-T1_GOVERNED_INITIATION_TRIAL","EXECUTION_RULE","DATA_DICTIONARY.md","34","82","| DeclaredUncertainty | Uncertainty explicitly retained by the observer. |","EVIDENCE","NOT_IMPLEMENTED"
"MS-T1","MS-T1_GOVERNED_INITIATION_TRIAL","EXECUTION_RULE","DATA_DICTIONARY.md","41","83","| AssessmentID | Stable assessment identifier. |","EVIDENCE","NOT_IMPLEMENTED"
"MS-T1","MS-T1_GOVERNED_INITIATION_TRIAL","EXECUTION_RULE","DATA_DICTIONARY.md","47","84","| AssessmentResult | PRESERVED, DIVERGENT, INSUFFICIENT_EVIDENCE, DISPUTED, or NOT_APPLICABLE. |","DISPOSITION","NOT_IMPLEMENTED"
"MS-T1","MS-T1_GOVERNED_INITIATION_TRIAL","EXECUTION_RULE","DATA_DICTIONARY.md","49","85","| EvidenceReference | Evidence supporting the judgment. |","EVIDENCE","NOT_IMPLEMENTED"
"MS-T1","MS-T1_GOVERNED_INITIATION_TRIAL","EXECUTION_RULE","DATA_DICTIONARY.md","50","86","| Rationale | Assessment rationale. |","EVIDENCE","NOT_IMPLEMENTED"
"MS-T1","MS-T1_GOVERNED_INITIATION_TRIAL","EXECUTION_RULE","DATA_DICTIONARY.md","51","87","| AdjudicationStatus | NOT_REQUIRED, OPEN, RESOLVED, or UNRESOLVED. |","OPERATIONAL","NOT_IMPLEMENTED"
"MS-T1","MS-T1_GOVERNED_INITIATION_TRIAL","EXECUTION_RULE","DATA_DICTIONARY.md","52","88","| FinalResult | Final preserved assessment result. |","EVIDENCE","NOT_IMPLEMENTED"
"MS-T1","MS-T1_GOVERNED_INITIATION_TRIAL","EXECUTION_RULE","DESIGN.md","11","1","This trial evaluates whether governed initiation reduces material semantic divergence compared with unrestricted observer entry.","MEASUREMENT","NOT_IMPLEMENTED"
"MS-T1","MS-T1_GOVERNED_INITIATION_TRIAL","EXECUTION_RULE","DESIGN.md","15","2","For any governed ecosystem whose identity depends upon preservation of material distinctions, unrestricted observer interpretation creates a nonzero probability of semantic drift.","EVIDENCE","NOT_IMPLEMENTED"
"MS-T1","MS-T1_GOVERNED_INITIATION_TRIAL","EXECUTION_RULE","DESIGN.md","25","3","when observer interpretation may materially affect representation or action.","EVIDENCE","NOT_IMPLEMENTED"
"MS-T1","MS-T1_GOVERNED_INITIATION_TRIAL","EXECUTION_RULE","DESIGN.md","29","4","Observers exposed to the Morning Star governed-initiation condition will demonstrate lower material semantic divergence than observers receiving unrestricted access to equivalent source material.","MEASUREMENT","NOT_IMPLEMENTED"
"MS-T1","MS-T1_GOVERNED_INITIATION_TRIAL","EXECUTION_RULE","DESIGN.md","33","5","There will be no reproducible difference in material semantic divergence between governed-initiation and unrestricted-entry observers.","MEASUREMENT","NOT_IMPLEMENTED"
"MS-T1","MS-T1_GOVERNED_INITIATION_TRIAL","EXECUTION_RULE","DESIGN.md","39","6","Observers receive:","OPERATIONAL","NOT_IMPLEMENTED"
"MS-T1","MS-T1_GOVERNED_INITIATION_TRIAL","EXECUTION_RULE","DESIGN.md","46","7","- observer-role constraints;","EVIDENCE","NOT_IMPLEMENTED"
"MS-T1","MS-T1_GOVERNED_INITIATION_TRIAL","EXECUTION_RULE","DESIGN.md","52","8","Observers receive the same canonical source materials without the governed-initiation sequence or participation constraints.","OPERATIONAL","NOT_IMPLEMENTED"
"MS-T1","MS-T1_GOVERNED_INITIATION_TRIAL","EXECUTION_RULE","DESIGN.md","83","9","The following shall remain equivalent across conditions:","NORMATIVE","NOT_IMPLEMENTED"
"MS-T1","MS-T1_GOVERNED_INITIATION_TRIAL","EXECUTION_RULE","DESIGN.md","89","10","- assessment criteria;","EVIDENCE","NOT_IMPLEMENTED"
"MS-T1","MS-T1_GOVERNED_INITIATION_TRIAL","EXECUTION_RULE","DESIGN.md","91","11","- evidence requirements;","EVIDENCE","NOT_IMPLEMENTED"
"MS-T1","MS-T1_GOVERNED_INITIATION_TRIAL","EXECUTION_RULE","DESIGN.md","97","12","Observers shall be eligible only when:","NORMATIVE","NOT_IMPLEMENTED"
"MS-T1","MS-T1_GOVERNED_INITIATION_TRIAL","EXECUTION_RULE","DESIGN.md","99","13","1. observer identity is recorded;","EVIDENCE","NOT_IMPLEMENTED"
"MS-T1","MS-T1_GOVERNED_INITIATION_TRIAL","EXECUTION_RULE","DESIGN.md","105","14","7. the observer has not previously completed the same case set.","EVIDENCE","NOT_IMPLEMENTED"
"MS-T1","MS-T1_GOVERNED_INITIATION_TRIAL","EXECUTION_RULE","DESIGN.md","109","15","Each trial case shall include:","NORMATIVE","NOT_IMPLEMENTED"
"MS-T1","MS-T1_GOVERNED_INITIATION_TRIAL","EXECUTION_RULE","DESIGN.md","118","16","- traceable source evidence;","EVIDENCE","NOT_IMPLEMENTED"
"MS-T1","MS-T1_GOVERNED_INITIATION_TRIAL","EXECUTION_RULE","DESIGN.md","126","17","MaterialSemanticDivergenceRate","OPERATIONAL","NOT_IMPLEMENTED"
"MS-T1","MS-T1_GOVERNED_INITIATION_TRIAL","EXECUTION_RULE","DESIGN.md","128","18","\frac{MaterialDivergences}{MaterialPropertiesAssessed}","OPERATIONAL","NOT_IMPLEMENTED"
"MS-T1","MS-T1_GOVERNED_INITIATION_TRIAL","EXECUTION_RULE","DESIGN.md","135","19","- non-compensable failure rate;","OPERATIONAL","NOT_IMPLEMENTED"
"MS-T1","MS-T1_GOVERNED_INITIATION_TRIAL","EXECUTION_RULE","DESIGN.md","139","20","- traceability failure rate;","OPERATIONAL","NOT_IMPLEMENTED"
"MS-T1","MS-T1_GOVERNED_INITIATION_TRIAL","EXECUTION_RULE","DESIGN.md","147","21","1. the governed-initiation condition produces a lower material divergence rate;","MEASUREMENT","NOT_IMPLEMENTED"
"MS-T1","MS-T1_GOVERNED_INITIATION_TRIAL","EXECUTION_RULE","DESIGN.md","148","22","2. the reduction is reproducible across cases;","REPRODUCIBILITY","NOT_IMPLEMENTED"
"MS-T1","MS-T1_GOVERNED_INITIATION_TRIAL","EXECUTION_RULE","DESIGN.md","149","23","3. no equivalent increase occurs in another non-compensable failure class;","OPERATIONAL","NOT_IMPLEMENTED"
"MS-T1","MS-T1_GOVERNED_INITIATION_TRIAL","EXECUTION_RULE","DESIGN.md","150","24","4. assessors can reproduce material-property judgments;","REPRODUCIBILITY","NOT_IMPLEMENTED"
"MS-T1","MS-T1_GOVERNED_INITIATION_TRIAL","EXECUTION_RULE","DESIGN.md","155","25","MS-T1 is falsified within the tested scope when:","DISPOSITION","NOT_IMPLEMENTED"
"MS-T1","MS-T1_GOVERNED_INITIATION_TRIAL","EXECUTION_RULE","DESIGN.md","157","26","- unrestricted entry produces an equivalent or lower material divergence rate;","MEASUREMENT","NOT_IMPLEMENTED"
"MS-T1","MS-T1_GOVERNED_INITIATION_TRIAL","EXECUTION_RULE","DESIGN.md","158","27","- the result is reproduced across the declared case set;","REPRODUCIBILITY","NOT_IMPLEMENTED"
"MS-T1","MS-T1_GOVERNED_INITIATION_TRIAL","EXECUTION_RULE","DESIGN.md","164","28","The result remains inconclusive when:","DISPOSITION","NOT_IMPLEMENTED"
"MS-T1","MS-T1_GOVERNED_INITIATION_TRIAL","EXECUTION_RULE","DESIGN.md","167","29","- assessor agreement is inadequate;","MEASUREMENT","NOT_IMPLEMENTED"
"MS-T1","MS-T1_GOVERNED_INITIATION_TRIAL","EXECUTION_RULE","DESIGN.md","168","30","- observer groups are not comparable;","EVIDENCE","NOT_IMPLEMENTED"
"MS-T1","MS-T1_GOVERNED_INITIATION_TRIAL","EXECUTION_RULE","DESIGN.md","171","31","- evidence is incomplete;","EVIDENCE","NOT_IMPLEMENTED"
"MS-T1","MS-T1_GOVERNED_INITIATION_TRIAL","EXECUTION_RULE","DESIGN.md","172","32","- the measured effect is not reproducible.","REPRODUCIBILITY","NOT_IMPLEMENTED"
"MS-T1","MS-T1_GOVERNED_INITIATION_TRIAL","EXECUTION_RULE","DESIGN.md","176","33","The following properties shall not be averaged away:","NORMATIVE","NOT_IMPLEMENTED"
"MS-T1","MS-T1_GOVERNED_INITIATION_TRIAL","EXECUTION_RULE","DESIGN.md","201","34","1. Conditions shall use equivalent canonical source material.","NORMATIVE","NOT_IMPLEMENTED"
"MS-T1","MS-T1_GOVERNED_INITIATION_TRIAL","EXECUTION_RULE","DESIGN.md","202","35","2. Observer condition shall be recorded before response collection.","NORMATIVE","NOT_IMPLEMENTED"
"MS-T1","MS-T1_GOVERNED_INITIATION_TRIAL","EXECUTION_RULE","DESIGN.md","203","36","3. Scoring criteria shall be established before analysis.","NORMATIVE","NOT_IMPLEMENTED"
"MS-T1","MS-T1_GOVERNED_INITIATION_TRIAL","EXECUTION_RULE","DESIGN.md","204","37","4. Raw responses shall not be overwritten.","NORMATIVE","NOT_IMPLEMENTED"
"MS-T1","MS-T1_GOVERNED_INITIATION_TRIAL","EXECUTION_RULE","DESIGN.md","205","38","5. Assessor judgments shall remain traceable.","NORMATIVE","NOT_IMPLEMENTED"
"MS-T1","MS-T1_GOVERNED_INITIATION_TRIAL","EXECUTION_RULE","DESIGN.md","206","39","6. Missing evidence shall remain missing.","NORMATIVE","NOT_IMPLEMENTED"
"MS-T1","MS-T1_GOVERNED_INITIATION_TRIAL","EXECUTION_RULE","DESIGN.md","207","40","7. Uncertainty shall not be resolved by assumption.","NORMATIVE","NOT_IMPLEMENTED"
"MS-T1","MS-T1_GOVERNED_INITIATION_TRIAL","EXECUTION_RULE","DESIGN.md","208","41","8. Non-compensable failures shall remain individually visible.","NORMATIVE","NOT_IMPLEMENTED"
"MS-T1","MS-T1_GOVERNED_INITIATION_TRIAL","EXECUTION_RULE","DESIGN.md","209","42","9. The theorem shall not be supported solely by directional difference.","NORMATIVE","NOT_IMPLEMENTED"
"MS-T1","MS-T1_GOVERNED_INITIATION_TRIAL","EXECUTION_RULE","DESIGN.md","210","43","10. The trial result shall not exceed its tested scope.","NORMATIVE","NOT_IMPLEMENTED"
"MS-T1","MS-T1_GOVERNED_INITIATION_TRIAL","EXECUTION_RULE","LIMITATIONS.md","6","93","The trial shall evaluate and report:","NORMATIVE","NOT_IMPLEMENTED"
"MS-T1","MS-T1_GOVERNED_INITIATION_TRIAL","EXECUTION_RULE","LIMITATIONS.md","8","94","- observer-selection effects;","EVIDENCE","NOT_IMPLEMENTED"
"MS-T1","MS-T1_GOVERNED_INITIATION_TRIAL","EXECUTION_RULE","LIMITATIONS.md","21","95","Limitations shall not be used to erase admissible results, but they shall constrain the scope of any theorem disposition.","NORMATIVE","NOT_IMPLEMENTED"
"MS-T1","MS-T1_GOVERNED_INITIATION_TRIAL","EXECUTION_RULE","PROCEDURE.md","22","44","For each observer:","EVIDENCE","NOT_IMPLEMENTED"
"MS-T1","MS-T1_GOVERNED_INITIATION_TRIAL","EXECUTION_RULE","PROCEDURE.md","24","45","1. assign an observer identifier;","EVIDENCE","NOT_IMPLEMENTED"
"MS-T1","MS-T1_GOVERNED_INITIATION_TRIAL","EXECUTION_RULE","PROCEDURE.md","25","46","2. record observer class;","EVIDENCE","NOT_IMPLEMENTED"
"MS-T1","MS-T1_GOVERNED_INITIATION_TRIAL","EXECUTION_RULE","PROCEDURE.md","30","47","7. preserve required consent or authorization evidence;","NORMATIVE","NOT_IMPLEMENTED"
"MS-T1","MS-T1_GOVERNED_INITIATION_TRIAL","EXECUTION_RULE","PROCEDURE.md","39","48","1. observer orientation;","EVIDENCE","NOT_IMPLEMENTED"
"MS-T1","MS-T1_GOVERNED_INITIATION_TRIAL","EXECUTION_RULE","PROCEDURE.md","60","49","Each observer shall:","NORMATIVE","NOT_IMPLEMENTED"
"MS-T1","MS-T1_GOVERNED_INITIATION_TRIAL","EXECUTION_RULE","PROCEDURE.md","68","50","7. cite source evidence;","EVIDENCE","NOT_IMPLEMENTED"
"MS-T1","MS-T1_GOVERNED_INITIATION_TRIAL","EXECUTION_RULE","PROCEDURE.md","75","51","Each response shall be evaluated property by property.","NORMATIVE","NOT_IMPLEMENTED"
"MS-T1","MS-T1_GOVERNED_INITIATION_TRIAL","EXECUTION_RULE","PROCEDURE.md","77","52","Assessment values are:","EVIDENCE","NOT_IMPLEMENTED"
"MS-T1","MS-T1_GOVERNED_INITIATION_TRIAL","EXECUTION_RULE","PROCEDURE.md","81","53","- INSUFFICIENT_EVIDENCE;","OPERATIONAL","NOT_IMPLEMENTED"
"MS-T1","MS-T1_GOVERNED_INITIATION_TRIAL","EXECUTION_RULE","PROCEDURE.md","82","54","- DISPUTED;","DISPOSITION","NOT_IMPLEMENTED"
"MS-T1","MS-T1_GOVERNED_INITIATION_TRIAL","EXECUTION_RULE","PROCEDURE.md","85","55","Assessors shall not infer preservation from fluency or confidence.","NORMATIVE","NOT_IMPLEMENTED"
"MS-T1","MS-T1_GOVERNED_INITIATION_TRIAL","EXECUTION_RULE","PROCEDURE.md","91","56","1. preserve both original assessments;","OPERATIONAL","NOT_IMPLEMENTED"
"MS-T1","MS-T1_GOVERNED_INITIATION_TRIAL","EXECUTION_RULE","PROCEDURE.md","92","57","2. identify the disputed property;","DISPOSITION","NOT_IMPLEMENTED"
"MS-T1","MS-T1_GOVERNED_INITIATION_TRIAL","EXECUTION_RULE","PROCEDURE.md","96","58","6. retain the disagreement history.","OPERATIONAL","NOT_IMPLEMENTED"
"MS-T1","MS-T1_GOVERNED_INITIATION_TRIAL","EXECUTION_RULE","PROCEDURE.md","100","59","Calculate by condition:","MEASUREMENT","NOT_IMPLEMENTED"
"MS-T1","MS-T1_GOVERNED_INITIATION_TRIAL","EXECUTION_RULE","PROCEDURE.md","105","60","- non-compensable failures;","OPERATIONAL","NOT_IMPLEMENTED"
"MS-T1","MS-T1_GOVERNED_INITIATION_TRIAL","EXECUTION_RULE","PROCEDURE.md","106","61","- semantic divergence rate;","MEASUREMENT","NOT_IMPLEMENTED"
"MS-T1","MS-T1_GOVERNED_INITIATION_TRIAL","EXECUTION_RULE","PROCEDURE.md","110","62","- traceability failure rate;","OPERATIONAL","NOT_IMPLEMENTED"
"MS-T1","MS-T1_GOVERNED_INITIATION_TRIAL","EXECUTION_RULE","PROCEDURE.md","117","63","- all required responses are recorded;","NORMATIVE","NOT_IMPLEMENTED"
"MS-T1","MS-T1_GOVERNED_INITIATION_TRIAL","EXECUTION_RULE","PROCEDURE.md","118","64","- all assessments are complete;","OPERATIONAL","NOT_IMPLEMENTED"
"MS-T1","MS-T1_GOVERNED_INITIATION_TRIAL","EXECUTION_RULE","PROCEDURE.md","121","65","- analysis is reproducible;","REPRODUCIBILITY","NOT_IMPLEMENTED"
"MS-T1","MS-T1_GOVERNED_INITIATION_TRIAL","EXECUTION_RULE","PROCEDURE.md","124","66","- raw evidence remains preserved.","EVIDENCE","NOT_IMPLEMENTED"
"MS-T1","MS-T1_GOVERNED_INITIATION_TRIAL","EXECUTION_RULE","REPRODUCIBILITY.md","6","89","A reproduction package shall include:","NORMATIVE","NOT_IMPLEMENTED"
"MS-T1","MS-T1_GOVERNED_INITIATION_TRIAL","EXECUTION_RULE","REPRODUCIBILITY.md","17","90","10. de-identified observer responses where permissible;","EVIDENCE","NOT_IMPLEMENTED"
"MS-T1","MS-T1_GOVERNED_INITIATION_TRIAL","EXECUTION_RULE","REPRODUCIBILITY.md","18","91","11. semantic assessments;","OPERATIONAL","NOT_IMPLEMENTED"
"MS-T1","MS-T1_GOVERNED_INITIATION_TRIAL","EXECUTION_RULE","REPRODUCIBILITY.md","24","92","A result is reproducible only when an independent evaluator can reconstruct the reported measurements from preserved evidence.","REPRODUCIBILITY","NOT_IMPLEMENTED"
"MS-T1","MS-T1_GOVERNED_INITIATION_TRIAL","EXECUTION_RULE","SCORING_MODEL.md","15","67","\bot, & INSUFFICIENT\_EVIDENCE \\","OPERATIONAL","NOT_IMPLEMENTED"
"MS-T1","MS-T1_GOVERNED_INITIATION_TRIAL","EXECUTION_RULE","SCORING_MODEL.md","16","68","\delta, & DISPUTED","DISPOSITION","NOT_IMPLEMENTED"
"MS-T1","MS-T1_GOVERNED_INITIATION_TRIAL","EXECUTION_RULE","SCORING_MODEL.md","32","69","Insufficient and disputed assessments shall be reported separately and shall not be silently included as preserved.","NORMATIVE","NOT_IMPLEMENTED"
"MS-T1","MS-T1_GOVERNED_INITIATION_TRIAL","EXECUTION_RULE","SCORING_MODEL.md","63","70","- material divergence rate;","MEASUREMENT","NOT_IMPLEMENTED"
"MS-T1","MS-T1_GOVERNED_INITIATION_TRIAL","EXECUTION_RULE","SCORING_MODEL.md","64","71","- non-compensable failure rate;","OPERATIONAL","NOT_IMPLEMENTED"
"MS-T1","MS-T1_GOVERNED_INITIATION_TRIAL","EXECUTION_RULE","SCORING_MODEL.md","65","72","- insufficient-evidence rate;","EVIDENCE","NOT_IMPLEMENTED"
"MS-T1","MS-T1_GOVERNED_INITIATION_TRIAL","EXECUTION_RULE","SCORING_MODEL.md","66","73","- disputed-assessment rate;","DISPOSITION","NOT_IMPLEMENTED"
"MS-T1","MS-T1_GOVERNED_INITIATION_TRIAL","EXECUTION_RULE","SCORING_MODEL.md","67","74","- observer completion rate;","EVIDENCE","NOT_IMPLEMENTED"
"MS-T1","MS-T1_GOVERNED_INITIATION_TRIAL","EXECUTION_RULE","SCORING_MODEL.md","68","75","- assessor agreement;","MEASUREMENT","NOT_IMPLEMENTED"
"MS-T1","MS-T1_GOVERNED_INITIATION_TRIAL","EXECUTION_RULE","SCORING_MODEL.md","75","76","No aggregate score may conceal a divergent non-compensable property.","MEASUREMENT","NOT_IMPLEMENTED"
"MS-T2","MS-T2_DEPENDENCY_PROPAGATION_TRIAL","CSV_SCHEMA","DEPENDENCY_CHAINS.csv","1","1","ChainID","SCHEMA_COLUMN","SCHEMA_PRESENT"
"MS-T2","MS-T2_DEPENDENCY_PROPAGATION_TRIAL","CSV_SCHEMA","DEPENDENCY_CHAINS.csv","1","2","ChainName","SCHEMA_COLUMN","SCHEMA_PRESENT"
"MS-T2","MS-T2_DEPENDENCY_PROPAGATION_TRIAL","CSV_SCHEMA","DEPENDENCY_CHAINS.csv","1","3","GoverningVersion","SCHEMA_COLUMN","SCHEMA_PRESENT"
"MS-T2","MS-T2_DEPENDENCY_PROPAGATION_TRIAL","CSV_SCHEMA","DEPENDENCY_CHAINS.csv","1","4","RootObjectID","SCHEMA_COLUMN","SCHEMA_PRESENT"
"MS-T2","MS-T2_DEPENDENCY_PROPAGATION_TRIAL","CSV_SCHEMA","DEPENDENCY_CHAINS.csv","1","5","TerminalObjectID","SCHEMA_COLUMN","SCHEMA_PRESENT"
"MS-T2","MS-T2_DEPENDENCY_PROPAGATION_TRIAL","CSV_SCHEMA","DEPENDENCY_CHAINS.csv","1","6","DependencyDepth","SCHEMA_COLUMN","SCHEMA_PRESENT"
"MS-T2","MS-T2_DEPENDENCY_PROPAGATION_TRIAL","CSV_SCHEMA","DEPENDENCY_CHAINS.csv","1","7","CorrectionAvailability","SCHEMA_COLUMN","SCHEMA_PRESENT"
"MS-T2","MS-T2_DEPENDENCY_PROPAGATION_TRIAL","CSV_SCHEMA","DEPENDENCY_CHAINS.csv","1","8","CanonicalSource","SCHEMA_COLUMN","SCHEMA_PRESENT"
"MS-T2","MS-T2_DEPENDENCY_PROPAGATION_TRIAL","CSV_SCHEMA","DEPENDENCY_CHAINS.csv","1","9","ChainStatus","SCHEMA_COLUMN","SCHEMA_PRESENT"
"MS-T2","MS-T2_DEPENDENCY_PROPAGATION_TRIAL","CSV_SCHEMA","DOWNSTREAM_ASSESSMENTS.csv","1","1","AssessmentID","SCHEMA_COLUMN","SCHEMA_PRESENT"
"MS-T2","MS-T2_DEPENDENCY_PROPAGATION_TRIAL","CSV_SCHEMA","DOWNSTREAM_ASSESSMENTS.csv","1","2","CaseID","SCHEMA_COLUMN","SCHEMA_PRESENT"
"MS-T2","MS-T2_DEPENDENCY_PROPAGATION_TRIAL","CSV_SCHEMA","DOWNSTREAM_ASSESSMENTS.csv","1","3","ObjectID","SCHEMA_COLUMN","SCHEMA_PRESENT"
"MS-T2","MS-T2_DEPENDENCY_PROPAGATION_TRIAL","CSV_SCHEMA","DOWNSTREAM_ASSESSMENTS.csv","1","4","PropertyClass","SCHEMA_COLUMN","SCHEMA_PRESENT"
"MS-T2","MS-T2_DEPENDENCY_PROPAGATION_TRIAL","CSV_SCHEMA","DOWNSTREAM_ASSESSMENTS.csv","1","5","AssessorID","SCHEMA_COLUMN","SCHEMA_PRESENT"
"MS-T2","MS-T2_DEPENDENCY_PROPAGATION_TRIAL","CSV_SCHEMA","DOWNSTREAM_ASSESSMENTS.csv","1","6","AssessmentResult","SCHEMA_COLUMN","SCHEMA_PRESENT"
"MS-T2","MS-T2_DEPENDENCY_PROPAGATION_TRIAL","CSV_SCHEMA","DOWNSTREAM_ASSESSMENTS.csv","1","7","Materiality","SCHEMA_COLUMN","SCHEMA_PRESENT"
"MS-T2","MS-T2_DEPENDENCY_PROPAGATION_TRIAL","CSV_SCHEMA","DOWNSTREAM_ASSESSMENTS.csv","1","8","Compensability","SCHEMA_COLUMN","SCHEMA_PRESENT"
"MS-T2","MS-T2_DEPENDENCY_PROPAGATION_TRIAL","CSV_SCHEMA","DOWNSTREAM_ASSESSMENTS.csv","1","9","EvidenceReference","SCHEMA_COLUMN","SCHEMA_PRESENT"
"MS-T2","MS-T2_DEPENDENCY_PROPAGATION_TRIAL","CSV_SCHEMA","DOWNSTREAM_ASSESSMENTS.csv","1","10","Rationale","SCHEMA_COLUMN","SCHEMA_PRESENT"
"MS-T2","MS-T2_DEPENDENCY_PROPAGATION_TRIAL","CSV_SCHEMA","DOWNSTREAM_ASSESSMENTS.csv","1","11","FinalResult","SCHEMA_COLUMN","SCHEMA_PRESENT"
"MS-T2","MS-T2_DEPENDENCY_PROPAGATION_TRIAL","CSV_SCHEMA","DOWNSTREAM_ASSESSMENTS.csv","1","12","AdjudicationStatus","SCHEMA_COLUMN","SCHEMA_PRESENT"
"MS-T2","MS-T2_DEPENDENCY_PROPAGATION_TRIAL","CSV_SCHEMA","PROPAGATION_EVENTS.csv","1","1","EventID","SCHEMA_COLUMN","SCHEMA_PRESENT"
"MS-T2","MS-T2_DEPENDENCY_PROPAGATION_TRIAL","CSV_SCHEMA","PROPAGATION_EVENTS.csv","1","2","CaseID","SCHEMA_COLUMN","SCHEMA_PRESENT"
"MS-T2","MS-T2_DEPENDENCY_PROPAGATION_TRIAL","CSV_SCHEMA","PROPAGATION_EVENTS.csv","1","3","SourceObjectID","SCHEMA_COLUMN","SCHEMA_PRESENT"
"MS-T2","MS-T2_DEPENDENCY_PROPAGATION_TRIAL","CSV_SCHEMA","PROPAGATION_EVENTS.csv","1","4","TargetObjectID","SCHEMA_COLUMN","SCHEMA_PRESENT"
"MS-T2","MS-T2_DEPENDENCY_PROPAGATION_TRIAL","CSV_SCHEMA","PROPAGATION_EVENTS.csv","1","5","DependencyEdgeID","SCHEMA_COLUMN","SCHEMA_PRESENT"
"MS-T2","MS-T2_DEPENDENCY_PROPAGATION_TRIAL","CSV_SCHEMA","PROPAGATION_EVENTS.csv","1","6","PropertyClass","SCHEMA_COLUMN","SCHEMA_PRESENT"
"MS-T2","MS-T2_DEPENDENCY_PROPAGATION_TRIAL","CSV_SCHEMA","PROPAGATION_EVENTS.csv","1","7","PropagationLevel","SCHEMA_COLUMN","SCHEMA_PRESENT"
"MS-T2","MS-T2_DEPENDENCY_PROPAGATION_TRIAL","CSV_SCHEMA","PROPAGATION_EVENTS.csv","1","8","EventClass","SCHEMA_COLUMN","SCHEMA_PRESENT"
"MS-T2","MS-T2_DEPENDENCY_PROPAGATION_TRIAL","CSV_SCHEMA","PROPAGATION_EVENTS.csv","1","9","EvidenceReference","SCHEMA_COLUMN","SCHEMA_PRESENT"
"MS-T2","MS-T2_DEPENDENCY_PROPAGATION_TRIAL","CSV_SCHEMA","PROPAGATION_EVENTS.csv","1","10","DetectedAt","SCHEMA_COLUMN","SCHEMA_PRESENT"
"MS-T2","MS-T2_DEPENDENCY_PROPAGATION_TRIAL","CSV_SCHEMA","PROPAGATION_EVENTS.csv","1","11","DetectionMethod","SCHEMA_COLUMN","SCHEMA_PRESENT"
"MS-T2","MS-T2_DEPENDENCY_PROPAGATION_TRIAL","CSV_SCHEMA","PROPAGATION_EVENTS.csv","1","12","EventStatus","SCHEMA_COLUMN","SCHEMA_PRESENT"
"MS-T2","MS-T2_DEPENDENCY_PROPAGATION_TRIAL","CSV_SCHEMA","TRIAL_CASES.csv","1","1","CaseID","SCHEMA_COLUMN","SCHEMA_PRESENT"
"MS-T2","MS-T2_DEPENDENCY_PROPAGATION_TRIAL","CSV_SCHEMA","TRIAL_CASES.csv","1","2","ChainID","SCHEMA_COLUMN","SCHEMA_PRESENT"
"MS-T2","MS-T2_DEPENDENCY_PROPAGATION_TRIAL","CSV_SCHEMA","TRIAL_CASES.csv","1","3","Condition","SCHEMA_COLUMN","SCHEMA_PRESENT"
"MS-T2","MS-T2_DEPENDENCY_PROPAGATION_TRIAL","CSV_SCHEMA","TRIAL_CASES.csv","1","4","SeedObjectID","SCHEMA_COLUMN","SCHEMA_PRESENT"
"MS-T2","MS-T2_DEPENDENCY_PROPAGATION_TRIAL","CSV_SCHEMA","TRIAL_CASES.csv","1","5","DivergenceClass","SCHEMA_COLUMN","SCHEMA_PRESENT"
"MS-T2","MS-T2_DEPENDENCY_PROPAGATION_TRIAL","CSV_SCHEMA","TRIAL_CASES.csv","1","6","OriginalValue","SCHEMA_COLUMN","SCHEMA_PRESENT"
"MS-T2","MS-T2_DEPENDENCY_PROPAGATION_TRIAL","CSV_SCHEMA","TRIAL_CASES.csv","1","7","SeededValue","SCHEMA_COLUMN","SCHEMA_PRESENT"
"MS-T2","MS-T2_DEPENDENCY_PROPAGATION_TRIAL","CSV_SCHEMA","TRIAL_CASES.csv","1","8","SeedPropertyClass","SCHEMA_COLUMN","SCHEMA_PRESENT"
"MS-T2","MS-T2_DEPENDENCY_PROPAGATION_TRIAL","CSV_SCHEMA","TRIAL_CASES.csv","1","9","CorrectionEnabled","SCHEMA_COLUMN","SCHEMA_PRESENT"
"MS-T2","MS-T2_DEPENDENCY_PROPAGATION_TRIAL","CSV_SCHEMA","TRIAL_CASES.csv","1","10","CaseStatus","SCHEMA_COLUMN","SCHEMA_PRESENT"
"MS-T2","MS-T2_DEPENDENCY_PROPAGATION_TRIAL","EXECUTION_RULE","DATA_DICTIONARY.md","16","118","| CorrectionAvailability | NONE, VALIDATION, RECONSTRUCTION, or GOVERNED_CORRECTION. |","OPERATIONAL","NOT_IMPLEMENTED"
"MS-T2","MS-T2_DEPENDENCY_PROPAGATION_TRIAL","EXECUTION_RULE","DATA_DICTIONARY.md","28","119","| DivergenceClass | Controlled material divergence class. |","MEASUREMENT","NOT_IMPLEMENTED"
"MS-T2","MS-T2_DEPENDENCY_PROPAGATION_TRIAL","EXECUTION_RULE","DATA_DICTIONARY.md","32","120","| CorrectionEnabled | YES or NO. |","OPERATIONAL","NOT_IMPLEMENTED"
"MS-T2","MS-T2_DEPENDENCY_PROPAGATION_TRIAL","EXECUTION_RULE","DATA_DICTIONARY.md","39","121","| EventID | Stable propagation-event identifier. |","MEASUREMENT","NOT_IMPLEMENTED"
"MS-T2","MS-T2_DEPENDENCY_PROPAGATION_TRIAL","EXECUTION_RULE","DATA_DICTIONARY.md","41","122","| SourceObjectID | Object where divergence originated. |","MEASUREMENT","NOT_IMPLEMENTED"
"MS-T2","MS-T2_DEPENDENCY_PROPAGATION_TRIAL","EXECUTION_RULE","DATA_DICTIONARY.md","43","123","| DependencyEdgeID | Edge through which propagation occurred. |","MEASUREMENT","NOT_IMPLEMENTED"
"MS-T2","MS-T2_DEPENDENCY_PROPAGATION_TRIAL","EXECUTION_RULE","DATA_DICTIONARY.md","45","124","| PropagationLevel | Downstream depth at which effect appeared. |","OPERATIONAL","NOT_IMPLEMENTED"
"MS-T2","MS-T2_DEPENDENCY_PROPAGATION_TRIAL","EXECUTION_RULE","DATA_DICTIONARY.md","47","125","| EvidenceReference | Evidence supporting classification. |","EVIDENCE","NOT_IMPLEMENTED"
"MS-T2","MS-T2_DEPENDENCY_PROPAGATION_TRIAL","EXECUTION_RULE","DATA_DICTIONARY.md","50","126","| EventStatus | OPEN, VERIFIED, DISPUTED, INVALID, or CLOSED. |","DISPOSITION","NOT_IMPLEMENTED"
"MS-T2","MS-T2_DEPENDENCY_PROPAGATION_TRIAL","EXECUTION_RULE","DATA_DICTIONARY.md","56","127","| AssessmentID | Stable assessment identifier. |","EVIDENCE","NOT_IMPLEMENTED"
"MS-T2","MS-T2_DEPENDENCY_PROPAGATION_TRIAL","EXECUTION_RULE","DATA_DICTIONARY.md","59","128","| PropertyClass | Material property under assessment. |","EVIDENCE","NOT_IMPLEMENTED"
"MS-T2","MS-T2_DEPENDENCY_PROPAGATION_TRIAL","EXECUTION_RULE","DATA_DICTIONARY.md","61","129","| AssessmentResult | PRESERVED, PROPAGATED_DIVERGENCE, INDEPENDENT_DIVERGENCE, CORRECTED, INSUFFICIENT_EVIDENCE, DISPUTED, or NOT_APPLICABLE. |","DISPOSITION","NOT_IMPLEMENTED"
"MS-T2","MS-T2_DEPENDENCY_PROPAGATION_TRIAL","EXECUTION_RULE","DATA_DICTIONARY.md","64","130","| EvidenceReference | Evidence supporting the judgment. |","EVIDENCE","NOT_IMPLEMENTED"
"MS-T2","MS-T2_DEPENDENCY_PROPAGATION_TRIAL","EXECUTION_RULE","DATA_DICTIONARY.md","65","131","| Rationale | Assessment rationale. |","EVIDENCE","NOT_IMPLEMENTED"
"MS-T2","MS-T2_DEPENDENCY_PROPAGATION_TRIAL","EXECUTION_RULE","DATA_DICTIONARY.md","67","132","| AdjudicationStatus | NOT_REQUIRED, OPEN, RESOLVED, or UNRESOLVED. |","OPERATIONAL","NOT_IMPLEMENTED"
"MS-T2","MS-T2_DEPENDENCY_PROPAGATION_TRIAL","EXECUTION_RULE","DESIGN.md","11","1","This trial evaluates whether material semantic divergence introduced into an upstream governed object creates measurable downstream semantic-integrity risk in dependent objects.","MEASUREMENT","NOT_IMPLEMENTED"
"MS-T2","MS-T2_DEPENDENCY_PROPAGATION_TRIAL","EXECUTION_RULE","DESIGN.md","35","2","unless an independent correction, validation, or reconstruction mechanism interrupts propagation.","MEASUREMENT","NOT_IMPLEMENTED"
"MS-T2","MS-T2_DEPENDENCY_PROPAGATION_TRIAL","EXECUTION_RULE","DESIGN.md","39","3","Dependency chains containing seeded upstream material divergence will demonstrate a higher rate of downstream semantic divergence than equivalent chains using canonical upstream representations.","MEASUREMENT","NOT_IMPLEMENTED"
"MS-T2","MS-T2_DEPENDENCY_PROPAGATION_TRIAL","EXECUTION_RULE","DESIGN.md","43","4","Seeded upstream material divergence will produce no measurable increase in downstream semantic divergence.","MEASUREMENT","NOT_IMPLEMENTED"
"MS-T2","MS-T2_DEPENDENCY_PROPAGATION_TRIAL","EXECUTION_RULE","DESIGN.md","62","5","The dependency chain receives an upstream representation containing one controlled material divergence.","MEASUREMENT","NOT_IMPLEMENTED"
"MS-T2","MS-T2_DEPENDENCY_PROPAGATION_TRIAL","EXECUTION_RULE","DESIGN.md","64","6","Permitted seeded divergence classes include:","MEASUREMENT","NOT_IMPLEMENTED"
"MS-T2","MS-T2_DEPENDENCY_PROPAGATION_TRIAL","EXECUTION_RULE","DESIGN.md","80","7","DivergenceClass,","OPERATIONAL","NOT_IMPLEMENTED"
"MS-T2","MS-T2_DEPENDENCY_PROPAGATION_TRIAL","EXECUTION_RULE","DESIGN.md","82","8","CorrectionAvailability)","OPERATIONAL","NOT_IMPLEMENTED"
"MS-T2","MS-T2_DEPENDENCY_PROPAGATION_TRIAL","EXECUTION_RULE","DESIGN.md","88","9","- `DivergenceClass` identifies the seeded material change;","OPERATIONAL","NOT_IMPLEMENTED"
"MS-T2","MS-T2_DEPENDENCY_PROPAGATION_TRIAL","EXECUTION_RULE","DESIGN.md","90","10","- `CorrectionAvailability` identifies whether an interruption mechanism exists.","OPERATIONAL","NOT_IMPLEMENTED"
"MS-T2","MS-T2_DEPENDENCY_PROPAGATION_TRIAL","EXECUTION_RULE","DESIGN.md","96","11","- downstream material divergence rate;","MEASUREMENT","NOT_IMPLEMENTED"
"MS-T2","MS-T2_DEPENDENCY_PROPAGATION_TRIAL","EXECUTION_RULE","DESIGN.md","97","12","- propagation depth;","MEASUREMENT","NOT_IMPLEMENTED"
"MS-T2","MS-T2_DEPENDENCY_PROPAGATION_TRIAL","EXECUTION_RULE","DESIGN.md","100","13","- time to propagation detection;","MEASUREMENT","NOT_IMPLEMENTED"
"MS-T2","MS-T2_DEPENDENCY_PROPAGATION_TRIAL","EXECUTION_RULE","DESIGN.md","101","14","- correction success rate;","MEASUREMENT","NOT_IMPLEMENTED"
"MS-T2","MS-T2_DEPENDENCY_PROPAGATION_TRIAL","EXECUTION_RULE","DESIGN.md","102","15","- residual divergence after correction;","MEASUREMENT","NOT_IMPLEMENTED"
"MS-T2","MS-T2_DEPENDENCY_PROPAGATION_TRIAL","EXECUTION_RULE","DESIGN.md","104","16","- observer reconstruction failure;","EVIDENCE","NOT_IMPLEMENTED"
"MS-T2","MS-T2_DEPENDENCY_PROPAGATION_TRIAL","EXECUTION_RULE","DESIGN.md","105","17","- authority-error propagation.","MEASUREMENT","NOT_IMPLEMENTED"
"MS-T2","MS-T2_DEPENDENCY_PROPAGATION_TRIAL","EXECUTION_RULE","DESIGN.md","109","18","The following shall remain equivalent across paired cases:","NORMATIVE","NOT_IMPLEMENTED"
"MS-T2","MS-T2_DEPENDENCY_PROPAGATION_TRIAL","EXECUTION_RULE","DESIGN.md","114","19","- observer or evaluator access;","EVIDENCE","NOT_IMPLEMENTED"
"MS-T2","MS-T2_DEPENDENCY_PROPAGATION_TRIAL","EXECUTION_RULE","DESIGN.md","116","20","- assessment criteria;","EVIDENCE","NOT_IMPLEMENTED"
"MS-T2","MS-T2_DEPENDENCY_PROPAGATION_TRIAL","EXECUTION_RULE","DESIGN.md","135","21","Each edge shall declare:","NORMATIVE","NOT_IMPLEMENTED"
"MS-T2","MS-T2_DEPENDENCY_PROPAGATION_TRIAL","EXECUTION_RULE","DESIGN.md","139","22","- required inherited properties;","NORMATIVE","NOT_IMPLEMENTED"
"MS-T2","MS-T2_DEPENDENCY_PROPAGATION_TRIAL","EXECUTION_RULE","DESIGN.md","142","23","- correction mechanism;","MEASUREMENT","NOT_IMPLEMENTED"
"MS-T2","MS-T2_DEPENDENCY_PROPAGATION_TRIAL","EXECUTION_RULE","DESIGN.md","147","24","A propagation event exists when a material divergence present in an upstream representation appears in or materially affects a downstream object.","MEASUREMENT","NOT_IMPLEMENTED"
"MS-T2","MS-T2_DEPENDENCY_PROPAGATION_TRIAL","EXECUTION_RULE","DESIGN.md","153","25","when divergence in property \(p\) at \(g_i\) causes divergence or invalid action at \(g_j\).","MEASUREMENT","NOT_IMPLEMENTED"
"MS-T2","MS-T2_DEPENDENCY_PROPAGATION_TRIAL","EXECUTION_RULE","DESIGN.md","160","26","DownstreamDivergenceRate =","OPERATIONAL","NOT_IMPLEMENTED"
"MS-T2","MS-T2_DEPENDENCY_PROPAGATION_TRIAL","EXECUTION_RULE","DESIGN.md","171","27","Define propagation risk:","MEASUREMENT","NOT_IMPLEMENTED"
"MS-T2","MS-T2_DEPENDENCY_PROPAGATION_TRIAL","EXECUTION_RULE","DESIGN.md","178","28","and propagation depth:","MEASUREMENT","NOT_IMPLEMENTED"
"MS-T2","MS-T2_DEPENDENCY_PROPAGATION_TRIAL","EXECUTION_RULE","DESIGN.md","185","29","A divergence may propagate broadly, deeply, both, or neither.","MEASUREMENT","NOT_IMPLEMENTED"
"MS-T2","MS-T2_DEPENDENCY_PROPAGATION_TRIAL","EXECUTION_RULE","DESIGN.md","191","30","1. divergent upstream conditions produce a reproducibly higher downstream divergence rate;","MEASUREMENT","NOT_IMPLEMENTED"
"MS-T2","MS-T2_DEPENDENCY_PROPAGATION_TRIAL","EXECUTION_RULE","DESIGN.md","194","31","4. the propagation path remains traceable;","MEASUREMENT","NOT_IMPLEMENTED"
"MS-T2","MS-T2_DEPENDENCY_PROPAGATION_TRIAL","EXECUTION_RULE","DESIGN.md","195","32","5. no uncontrolled source better explains the divergence.","MEASUREMENT","NOT_IMPLEMENTED"
"MS-T2","MS-T2_DEPENDENCY_PROPAGATION_TRIAL","EXECUTION_RULE","DESIGN.md","199","33","MS-T2 is falsified for the tested dependency class when:","DISPOSITION","NOT_IMPLEMENTED"
"MS-T2","MS-T2_DEPENDENCY_PROPAGATION_TRIAL","EXECUTION_RULE","DESIGN.md","201","34","- seeded upstream divergence produces no measurable downstream effect;","MEASUREMENT","NOT_IMPLEMENTED"
"MS-T2","MS-T2_DEPENDENCY_PROPAGATION_TRIAL","EXECUTION_RULE","DESIGN.md","203","35","- the finding is reproduced across the declared case set;","REPRODUCIBILITY","NOT_IMPLEMENTED"
"MS-T2","MS-T2_DEPENDENCY_PROPAGATION_TRIAL","EXECUTION_RULE","DESIGN.md","208","36","The result remains inconclusive when:","DISPOSITION","NOT_IMPLEMENTED"
"MS-T2","MS-T2_DEPENDENCY_PROPAGATION_TRIAL","EXECUTION_RULE","DESIGN.md","211","37","- seeded divergence is not materially valid;","MEASUREMENT","NOT_IMPLEMENTED"
"MS-T2","MS-T2_DEPENDENCY_PROPAGATION_TRIAL","EXECUTION_RULE","DESIGN.md","213","38","- propagation cannot be distinguished from independent observer error;","MEASUREMENT","NOT_IMPLEMENTED"
"MS-T2","MS-T2_DEPENDENCY_PROPAGATION_TRIAL","EXECUTION_RULE","DESIGN.md","214","39","- evidence is incomplete;","EVIDENCE","NOT_IMPLEMENTED"
"MS-T2","MS-T2_DEPENDENCY_PROPAGATION_TRIAL","EXECUTION_RULE","DESIGN.md","216","40","- correction mechanisms are uncontrolled.","MEASUREMENT","NOT_IMPLEMENTED"
"MS-T2","MS-T2_DEPENDENCY_PROPAGATION_TRIAL","EXECUTION_RULE","DESIGN.md","220","41","Propagation may be interrupted by:","MEASUREMENT","NOT_IMPLEMENTED"
"MS-T2","MS-T2_DEPENDENCY_PROPAGATION_TRIAL","EXECUTION_RULE","DESIGN.md","225","42","- semantic convergence assessment;","EVIDENCE","NOT_IMPLEMENTED"
"MS-T2","MS-T2_DEPENDENCY_PROPAGATION_TRIAL","EXECUTION_RULE","DESIGN.md","228","43","- explicit correction;","MEASUREMENT","NOT_IMPLEMENTED"
"MS-T2","MS-T2_DEPENDENCY_PROPAGATION_TRIAL","EXECUTION_RULE","DESIGN.md","231","44","The existence of interruption does not negate dependency propagation risk.","MEASUREMENT","NOT_IMPLEMENTED"
"MS-T2","MS-T2_DEPENDENCY_PROPAGATION_TRIAL","EXECUTION_RULE","DESIGN.md","235","45","The following downstream failures shall remain independently visible:","NORMATIVE","NOT_IMPLEMENTED"
"MS-T2","MS-T2_DEPENDENCY_PROPAGATION_TRIAL","EXECUTION_RULE","DESIGN.md","238","46","- boundary failure;","OPERATIONAL","NOT_IMPLEMENTED"
"MS-T2","MS-T2_DEPENDENCY_PROPAGATION_TRIAL","EXECUTION_RULE","DESIGN.md","243","47","- traceability failure.","OPERATIONAL","NOT_IMPLEMENTED"
"MS-T2","MS-T2_DEPENDENCY_PROPAGATION_TRIAL","EXECUTION_RULE","DESIGN.md","247","48","This trial evaluates semantic propagation through declared dependency structures.","MEASUREMENT","NOT_IMPLEMENTED"
"MS-T2","MS-T2_DEPENDENCY_PROPAGATION_TRIAL","EXECUTION_RULE","DESIGN.md","251","49","- every upstream error must propagate;","NORMATIVE","NOT_IMPLEMENTED"
"MS-T2","MS-T2_DEPENDENCY_PROPAGATION_TRIAL","EXECUTION_RULE","DESIGN.md","254","50","- correction is always possible;","MEASUREMENT","NOT_IMPLEMENTED"
"MS-T2","MS-T2_DEPENDENCY_PROPAGATION_TRIAL","EXECUTION_RULE","DESIGN.md","259","51","1. Every dependency edge shall be declared.","NORMATIVE","NOT_IMPLEMENTED"
"MS-T2","MS-T2_DEPENDENCY_PROPAGATION_TRIAL","EXECUTION_RULE","DESIGN.md","260","52","2. Every seeded divergence shall be intentional and traceable.","NORMATIVE","NOT_IMPLEMENTED"
"MS-T2","MS-T2_DEPENDENCY_PROPAGATION_TRIAL","EXECUTION_RULE","DESIGN.md","261","53","3. Canonical and divergent cases shall otherwise remain equivalent.","NORMATIVE","NOT_IMPLEMENTED"
"MS-T2","MS-T2_DEPENDENCY_PROPAGATION_TRIAL","EXECUTION_RULE","DESIGN.md","262","54","4. Downstream divergence shall be assessed property by property.","NORMATIVE","NOT_IMPLEMENTED"
"MS-T2","MS-T2_DEPENDENCY_PROPAGATION_TRIAL","EXECUTION_RULE","DESIGN.md","263","55","5. Independent observer error shall remain distinguishable from propagated error.","NORMATIVE","NOT_IMPLEMENTED"
"MS-T2","MS-T2_DEPENDENCY_PROPAGATION_TRIAL","EXECUTION_RULE","DESIGN.md","264","56","6. Correction mechanisms shall be declared before execution.","NORMATIVE","NOT_IMPLEMENTED"
"MS-T2","MS-T2_DEPENDENCY_PROPAGATION_TRIAL","EXECUTION_RULE","DESIGN.md","265","57","7. Missing evidence shall remain missing.","NORMATIVE","NOT_IMPLEMENTED"
"MS-T2","MS-T2_DEPENDENCY_PROPAGATION_TRIAL","EXECUTION_RULE","DESIGN.md","266","58","8. Non-compensable failures shall not be averaged away.","NORMATIVE","NOT_IMPLEMENTED"
"MS-T2","MS-T2_DEPENDENCY_PROPAGATION_TRIAL","EXECUTION_RULE","DESIGN.md","267","59","9. Propagation depth and breadth shall be reported separately.","NORMATIVE","NOT_IMPLEMENTED"
"MS-T2","MS-T2_DEPENDENCY_PROPAGATION_TRIAL","EXECUTION_RULE","DESIGN.md","268","60","10. The result shall not exceed the tested dependency class.","NORMATIVE","NOT_IMPLEMENTED"
"MS-T2","MS-T2_DEPENDENCY_PROPAGATION_TRIAL","EXECUTION_RULE","LIMITATIONS.md","6","138","The trial shall evaluate and report:","NORMATIVE","NOT_IMPLEMENTED"
"MS-T2","MS-T2_DEPENDENCY_PROPAGATION_TRIAL","EXECUTION_RULE","LIMITATIONS.md","9","139","- artificial divergence seeding;","MEASUREMENT","NOT_IMPLEMENTED"
"MS-T2","MS-T2_DEPENDENCY_PROPAGATION_TRIAL","EXECUTION_RULE","LIMITATIONS.md","11","140","- observer-specific error;","EVIDENCE","NOT_IMPLEMENTED"
"MS-T2","MS-T2_DEPENDENCY_PROPAGATION_TRIAL","EXECUTION_RULE","LIMITATIONS.md","13","141","- correction-mechanism effects;","MEASUREMENT","NOT_IMPLEMENTED"
"MS-T2","MS-T2_DEPENDENCY_PROPAGATION_TRIAL","EXECUTION_RULE","LIMITATIONS.md","18","142","- multiple-cause propagation;","MEASUREMENT","NOT_IMPLEMENTED"
"MS-T2","MS-T2_DEPENDENCY_PROPAGATION_TRIAL","EXECUTION_RULE","LIMITATIONS.md","21","143","A failure to propagate in one dependency class shall not be generalized to all dependency structures.","NORMATIVE","NOT_IMPLEMENTED"
"MS-T2","MS-T2_DEPENDENCY_PROPAGATION_TRIAL","EXECUTION_RULE","PROCEDURE.md","13","61","5. define required inherited properties.","NORMATIVE","NOT_IMPLEMENTED"
"MS-T2","MS-T2_DEPENDENCY_PROPAGATION_TRIAL","EXECUTION_RULE","PROCEDURE.md","14","62","6. select one divergence class per controlled test case.","MEASUREMENT","NOT_IMPLEMENTED"
"MS-T2","MS-T2_DEPENDENCY_PROPAGATION_TRIAL","EXECUTION_RULE","PROCEDURE.md","17","63","9. register correction mechanisms.","MEASUREMENT","NOT_IMPLEMENTED"
"MS-T2","MS-T2_DEPENDENCY_PROPAGATION_TRIAL","EXECUTION_RULE","PROCEDURE.md","32","64","9. record correction availability.","MEASUREMENT","NOT_IMPLEMENTED"
"MS-T2","MS-T2_DEPENDENCY_PROPAGATION_TRIAL","EXECUTION_RULE","PROCEDURE.md","43","65","6. record the divergence class;","MEASUREMENT","NOT_IMPLEMENTED"
"MS-T2","MS-T2_DEPENDENCY_PROPAGATION_TRIAL","EXECUTION_RULE","PROCEDURE.md","51","66","1. provide the upstream representation to the downstream process or observer;","EVIDENCE","NOT_IMPLEMENTED"
"MS-T2","MS-T2_DEPENDENCY_PROPAGATION_TRIAL","EXECUTION_RULE","PROCEDURE.md","55","67","5. prevent undeclared correction;","MEASUREMENT","NOT_IMPLEMENTED"
"MS-T2","MS-T2_DEPENDENCY_PROPAGATION_TRIAL","EXECUTION_RULE","PROCEDURE.md","61","68","Each downstream object shall be evaluated for:","NORMATIVE","NOT_IMPLEMENTED"
"MS-T2","MS-T2_DEPENDENCY_PROPAGATION_TRIAL","EXECUTION_RULE","PROCEDURE.md","72","69","Assessment values are:","EVIDENCE","NOT_IMPLEMENTED"
"MS-T2","MS-T2_DEPENDENCY_PROPAGATION_TRIAL","EXECUTION_RULE","PROCEDURE.md","75","70","- PROPAGATED_DIVERGENCE;","OPERATIONAL","NOT_IMPLEMENTED"
"MS-T2","MS-T2_DEPENDENCY_PROPAGATION_TRIAL","EXECUTION_RULE","PROCEDURE.md","76","71","- INDEPENDENT_DIVERGENCE;","OPERATIONAL","NOT_IMPLEMENTED"
"MS-T2","MS-T2_DEPENDENCY_PROPAGATION_TRIAL","EXECUTION_RULE","PROCEDURE.md","78","72","- INSUFFICIENT_EVIDENCE;","OPERATIONAL","NOT_IMPLEMENTED"
"MS-T2","MS-T2_DEPENDENCY_PROPAGATION_TRIAL","EXECUTION_RULE","PROCEDURE.md","79","73","- DISPUTED;","DISPOSITION","NOT_IMPLEMENTED"
"MS-T2","MS-T2_DEPENDENCY_PROPAGATION_TRIAL","EXECUTION_RULE","PROCEDURE.md","84","74","A divergence shall be classified as propagated only when:","NORMATIVE","NOT_IMPLEMENTED"
"MS-T2","MS-T2_DEPENDENCY_PROPAGATION_TRIAL","EXECUTION_RULE","PROCEDURE.md","86","75","1. the upstream divergence is verified;","MEASUREMENT","NOT_IMPLEMENTED"
"MS-T2","MS-T2_DEPENDENCY_PROPAGATION_TRIAL","EXECUTION_RULE","PROCEDURE.md","89","76","4. the downstream divergence corresponds to the upstream divergence;","MEASUREMENT","NOT_IMPLEMENTED"
"MS-T2","MS-T2_DEPENDENCY_PROPAGATION_TRIAL","EXECUTION_RULE","PROCEDURE.md","94","77","Where a correction mechanism exists:","MEASUREMENT","NOT_IMPLEMENTED"
"MS-T2","MS-T2_DEPENDENCY_PROPAGATION_TRIAL","EXECUTION_RULE","PROCEDURE.md","97","78","2. identify correction authority;","MEASUREMENT","NOT_IMPLEMENTED"
"MS-T2","MS-T2_DEPENDENCY_PROPAGATION_TRIAL","EXECUTION_RULE","PROCEDURE.md","98","79","3. apply the declared correction;","MEASUREMENT","NOT_IMPLEMENTED"
"MS-T2","MS-T2_DEPENDENCY_PROPAGATION_TRIAL","EXECUTION_RULE","PROCEDURE.md","99","80","4. preserve pre-correction output;","MEASUREMENT","NOT_IMPLEMENTED"
"MS-T2","MS-T2_DEPENDENCY_PROPAGATION_TRIAL","EXECUTION_RULE","PROCEDURE.md","100","81","5. preserve post-correction output;","MEASUREMENT","NOT_IMPLEMENTED"
"MS-T2","MS-T2_DEPENDENCY_PROPAGATION_TRIAL","EXECUTION_RULE","PROCEDURE.md","101","82","6. assess residual divergence;","MEASUREMENT","NOT_IMPLEMENTED"
"MS-T2","MS-T2_DEPENDENCY_PROPAGATION_TRIAL","EXECUTION_RULE","PROCEDURE.md","102","83","7. record correction success or failure.","MEASUREMENT","NOT_IMPLEMENTED"
"MS-T2","MS-T2_DEPENDENCY_PROPAGATION_TRIAL","EXECUTION_RULE","PROCEDURE.md","106","84","Calculate by condition and divergence class:","MEASUREMENT","NOT_IMPLEMENTED"
"MS-T2","MS-T2_DEPENDENCY_PROPAGATION_TRIAL","EXECUTION_RULE","PROCEDURE.md","108","85","- downstream divergence rate;","MEASUREMENT","NOT_IMPLEMENTED"
"MS-T2","MS-T2_DEPENDENCY_PROPAGATION_TRIAL","EXECUTION_RULE","PROCEDURE.md","109","86","- propagation-event count;","MEASUREMENT","NOT_IMPLEMENTED"
"MS-T2","MS-T2_DEPENDENCY_PROPAGATION_TRIAL","EXECUTION_RULE","PROCEDURE.md","110","87","- propagation breadth;","MEASUREMENT","NOT_IMPLEMENTED"
"MS-T2","MS-T2_DEPENDENCY_PROPAGATION_TRIAL","EXECUTION_RULE","PROCEDURE.md","111","88","- propagation depth;","MEASUREMENT","NOT_IMPLEMENTED"
"MS-T2","MS-T2_DEPENDENCY_PROPAGATION_TRIAL","EXECUTION_RULE","PROCEDURE.md","112","89","- correction detection rate;","MEASUREMENT","NOT_IMPLEMENTED"
"MS-T2","MS-T2_DEPENDENCY_PROPAGATION_TRIAL","EXECUTION_RULE","PROCEDURE.md","113","90","- correction success rate;","MEASUREMENT","NOT_IMPLEMENTED"
"MS-T2","MS-T2_DEPENDENCY_PROPAGATION_TRIAL","EXECUTION_RULE","PROCEDURE.md","114","91","- residual divergence rate;","MEASUREMENT","NOT_IMPLEMENTED"
"MS-T2","MS-T2_DEPENDENCY_PROPAGATION_TRIAL","EXECUTION_RULE","PROCEDURE.md","115","92","- independent divergence rate;","MEASUREMENT","NOT_IMPLEMENTED"
"MS-T2","MS-T2_DEPENDENCY_PROPAGATION_TRIAL","EXECUTION_RULE","PROCEDURE.md","116","93","- disputed classification rate.","DISPOSITION","NOT_IMPLEMENTED"
"MS-T2","MS-T2_DEPENDENCY_PROPAGATION_TRIAL","EXECUTION_RULE","PROCEDURE.md","123","94","- all seeded divergences are verified;","OPERATIONAL","NOT_IMPLEMENTED"
"MS-T2","MS-T2_DEPENDENCY_PROPAGATION_TRIAL","EXECUTION_RULE","PROCEDURE.md","126","95","- all downstream assessments are complete;","OPERATIONAL","NOT_IMPLEMENTED"
"MS-T2","MS-T2_DEPENDENCY_PROPAGATION_TRIAL","EXECUTION_RULE","PROCEDURE.md","127","96","- propagation classifications are traceable;","MEASUREMENT","NOT_IMPLEMENTED"
"MS-T2","MS-T2_DEPENDENCY_PROPAGATION_TRIAL","EXECUTION_RULE","PROCEDURE.md","128","97","- correction outcomes are recorded;","MEASUREMENT","NOT_IMPLEMENTED"
"MS-T2","MS-T2_DEPENDENCY_PROPAGATION_TRIAL","EXECUTION_RULE","REPRODUCIBILITY.md","6","133","A reproduction package shall include:","NORMATIVE","NOT_IMPLEMENTED"
"MS-T2","MS-T2_DEPENDENCY_PROPAGATION_TRIAL","EXECUTION_RULE","REPRODUCIBILITY.md","19","134","12. correction mechanisms;","MEASUREMENT","NOT_IMPLEMENTED"
"MS-T2","MS-T2_DEPENDENCY_PROPAGATION_TRIAL","EXECUTION_RULE","REPRODUCIBILITY.md","21","135","14. propagation events;","MEASUREMENT","NOT_IMPLEMENTED"
"MS-T2","MS-T2_DEPENDENCY_PROPAGATION_TRIAL","EXECUTION_RULE","REPRODUCIBILITY.md","22","136","15. downstream assessments;","OPERATIONAL","NOT_IMPLEMENTED"
"MS-T2","MS-T2_DEPENDENCY_PROPAGATION_TRIAL","EXECUTION_RULE","REPRODUCIBILITY.md","28","137","A result is reproducible only when an independent evaluator can reconstruct each propagation classification from preserved evidence.","MEASUREMENT","NOT_IMPLEMENTED"
"MS-T2","MS-T2_DEPENDENCY_PROPAGATION_TRIAL","EXECUTION_RULE","SCORING_MODEL.md","15","98","- \(P_D\) is propagated material divergence;","MEASUREMENT","NOT_IMPLEMENTED"
"MS-T2","MS-T2_DEPENDENCY_PROPAGATION_TRIAL","EXECUTION_RULE","SCORING_MODEL.md","16","99","- \(I_D\) is independent material divergence;","MEASUREMENT","NOT_IMPLEMENTED"
"MS-T2","MS-T2_DEPENDENCY_PROPAGATION_TRIAL","EXECUTION_RULE","SCORING_MODEL.md","19","100","For theorem-specific analysis, propagated and independent divergence shall also be reported separately.","NORMATIVE","NOT_IMPLEMENTED"
"MS-T2","MS-T2_DEPENDENCY_PROPAGATION_TRIAL","EXECUTION_RULE","SCORING_MODEL.md","46","101","\frac{CorrectedEvents}{CorrectionAttempts}","OPERATIONAL","NOT_IMPLEMENTED"
"MS-T2","MS-T2_DEPENDENCY_PROPAGATION_TRIAL","EXECUTION_RULE","SCORING_MODEL.md","53","102","\frac{ResidualDivergences}{CorrectedEvents}","OPERATIONAL","NOT_IMPLEMENTED"
"MS-T2","MS-T2_DEPENDENCY_PROPAGATION_TRIAL","EXECUTION_RULE","SCORING_MODEL.md","65","103","A positive value indicates greater propagation under the divergent condition.","MEASUREMENT","NOT_IMPLEMENTED"
"MS-T2","MS-T2_DEPENDENCY_PROPAGATION_TRIAL","EXECUTION_RULE","SCORING_MODEL.md","71","104","- canonical-condition divergence;","MEASUREMENT","NOT_IMPLEMENTED"
"MS-T2","MS-T2_DEPENDENCY_PROPAGATION_TRIAL","EXECUTION_RULE","SCORING_MODEL.md","72","105","- divergent-condition divergence;","MEASUREMENT","NOT_IMPLEMENTED"
"MS-T2","MS-T2_DEPENDENCY_PROPAGATION_TRIAL","EXECUTION_RULE","SCORING_MODEL.md","73","106","- propagated divergence;","MEASUREMENT","NOT_IMPLEMENTED"
"MS-T2","MS-T2_DEPENDENCY_PROPAGATION_TRIAL","EXECUTION_RULE","SCORING_MODEL.md","74","107","- independent divergence;","MEASUREMENT","NOT_IMPLEMENTED"
"MS-T2","MS-T2_DEPENDENCY_PROPAGATION_TRIAL","EXECUTION_RULE","SCORING_MODEL.md","75","108","- propagation breadth;","MEASUREMENT","NOT_IMPLEMENTED"
"MS-T2","MS-T2_DEPENDENCY_PROPAGATION_TRIAL","EXECUTION_RULE","SCORING_MODEL.md","76","109","- propagation depth;","MEASUREMENT","NOT_IMPLEMENTED"
"MS-T2","MS-T2_DEPENDENCY_PROPAGATION_TRIAL","EXECUTION_RULE","SCORING_MODEL.md","77","110","- correction attempts;","MEASUREMENT","NOT_IMPLEMENTED"
"MS-T2","MS-T2_DEPENDENCY_PROPAGATION_TRIAL","EXECUTION_RULE","SCORING_MODEL.md","78","111","- correction success;","MEASUREMENT","NOT_IMPLEMENTED"
"MS-T2","MS-T2_DEPENDENCY_PROPAGATION_TRIAL","EXECUTION_RULE","SCORING_MODEL.md","79","112","- residual divergence;","MEASUREMENT","NOT_IMPLEMENTED"
"MS-T2","MS-T2_DEPENDENCY_PROPAGATION_TRIAL","EXECUTION_RULE","SCORING_MODEL.md","80","113","- insufficient-evidence rate;","EVIDENCE","NOT_IMPLEMENTED"
"MS-T2","MS-T2_DEPENDENCY_PROPAGATION_TRIAL","EXECUTION_RULE","SCORING_MODEL.md","81","114","- disputed-classification rate;","DISPOSITION","NOT_IMPLEMENTED"
"MS-T2","MS-T2_DEPENDENCY_PROPAGATION_TRIAL","EXECUTION_RULE","SCORING_MODEL.md","82","115","- non-compensable failures.","OPERATIONAL","NOT_IMPLEMENTED"
"MS-T2","MS-T2_DEPENDENCY_PROPAGATION_TRIAL","EXECUTION_RULE","SCORING_MODEL.md","86","116","An aggregate score shall not conceal:","NORMATIVE","NOT_IMPLEMENTED"
"MS-T2","MS-T2_DEPENDENCY_PROPAGATION_TRIAL","EXECUTION_RULE","SCORING_MODEL.md","93","117","- traceability failure.","OPERATIONAL","NOT_IMPLEMENTED"
