"ScopeProfileID","ClaimID","PropertyClass","CanonicalValue","ProhibitedExpansion","PermittedDerivation","Materiality","Compensability","EvidenceReference"
"MS-T7-SCOPE-001","MS-T7-CLAIM-001","SUBJECT","Canonical semantic integrity during governed entry and participation","All forms of cognition, identity, learning, or human development","Additional entry-governance mechanisms addressing the same constitutional subject","MATERIAL","NON_COMPENSABLE","MS-T7-CLAIM-001;SUBJECT"
"MS-T7-SCOPE-002","MS-T7-CLAIM-001","DOMAIN","MORNING_STAR_SEMANTIC_ENTRY_GOVERNANCE","Universal governance over unrelated ORYNTH frameworks, institutions, persons, or external systems","A separately identified extension supported by explicit evidence and constitutional admission","MATERIAL","NON_COMPENSABLE","MS-T7-CLAIM-001;DOMAIN"
"MS-T7-SCOPE-003","MS-T7-CLAIM-001","CONDITIONS","Canonical objects, governing versions, dependencies, authority boundaries, evidence states, and participation roles must be identifiable.","Application where required governing conditions are missing or merely assumed","New conditions formally admitted through governed revision","MATERIAL","NON_COMPENSABLE","MS-T7-CLAIM-001;CONDITIONS"
"MS-T7-SCOPE-004","MS-T7-CLAIM-001","EVIDENCE_BOUNDARY","Declared Morning Star constitutional sources and controlled verification evidence","Unsupported empirical, institutional, or universal validation","Expansion supported by additional admissible evidence with preserved provenance","MATERIAL","NON_COMPENSABLE","MS-T7-CLAIM-001;EVIDENCE_BOUNDARY"
"MS-T7-SCOPE-005","MS-T7-CLAIM-001","AUTHORITY_BOUNDARY","Authority is limited to governed semantic entry, interpretation, participation assessment, and stewardship transition.","Legal, clinical, scientific, institutional, or autonomous execution authority","Authority separately conferred by an identified governing source","MATERIAL","NON_COMPENSABLE","MS-T7-CLAIM-001;AUTHORITY_BOUNDARY"
"MS-T7-SCOPE-006","MS-T7-CLAIM-001","VERSION","1.0.0","Treating the claim as version-independent or permanently current","A later version validated through governed revision and revalidation","MATERIAL","NON_COMPENSABLE","MS-T7-CLAIM-001;VERSION"
"MS-T7-SCOPE-007","MS-T7-CLAIM-001","APPLICATION","Initiation, semantic navigation, interpretive reconstruction, participation assessment, and stewardship transition","Unrelated runtime control, external certification, adjudication, or universal application","A traceable application remaining within the canonical subject and domain","MATERIAL","NON_COMPENSABLE","MS-T7-CLAIM-001;APPLICATION"
"MS-T7-SCOPE-008","MS-T7-CLAIM-001","EXCLUSIONS","Universal cognition, legal authority, clinical authority, autonomous execution authority, and external empirical validation are excluded.","Omission or reversal of declared exclusions","Removal of an exclusion only through explicit constitutional revision and supporting evidence","MATERIAL","NON_COMPENSABLE","MS-T7-CLAIM-001;EXCLUSIONS"
"MS-T7-SCOPE-009","MS-T7-CLAIM-001","UNCERTAINTY","Support remains limited to the declared constitutional and controlled evidence boundary.","Representation of controlled support as universal proof","Broader confidence supported by new admissible evidence and explicit qualification","MATERIAL","NON_COMPENSABLE","MS-T7-CLAIM-001;UNCERTAINTY"
