"FileName","RelativePath","Extension","SizeBytes","IsRuntimeFile","IsEntryPointCandidate","UsesArgumentParsing","UsesConfiguration","UsesLogging","UsesExplicitExit","UsesExceptions","UsesTimestamps","UsesGuidOrUuid","UsesRandomness","UsesFilesystemEnumeration","UsesCultureSensitiveOperations","SHA256"
"MORNING_STAR_REPOSITORY_INVENTORY_20260723-181636.json","_architecture_inventory\MORNING_STAR_REPOSITORY_INVENTORY_20260723-181636.json",".json","47830","False","False","False","True","False","False","False","False","False","False","False","False","64FA431524388FD3A65DD33F2EDD2A9B3BAC2D3A80B47A75089A2385EE89E44F"
"MORNING_STAR_REPOSITORY_INVENTORY_LATEST.json","_architecture_inventory\MORNING_STAR_REPOSITORY_INVENTORY_LATEST.json",".json","47830","False","False","False","True","False","False","False","False","False","False","False","False","64FA431524388FD3A65DD33F2EDD2A9B3BAC2D3A80B47A75089A2385EE89E44F"
"B2-PASS-01_MANIFEST.json","engineering\manifests\batch-2\B2-PASS-01_MANIFEST.json",".json","739","False","False","False","False","False","False","False","False","False","False","False","False","8804C830ED0202DDCBE10BF74257E0F7A3650503E5580D0792E22181E02A761A"
"B2-PASS-02_MANIFEST.json","engineering\manifests\batch-2\B2-PASS-02_MANIFEST.json",".json","425","False","False","False","False","False","False","False","False","False","False","False","False","7FDD3F6B4B0A0037E7F0E581F91A3ED189B26CA52FCFE60578DF70EFBB01A81D"
"B2-PASS-03_MANIFEST.json","engineering\manifests\batch-2\B2-PASS-03_MANIFEST.json",".json","453","False","False","False","False","False","False","False","False","False","False","False","False","F9C368A5FF59A9D9D0A2B3EEB9EC19A4C767D62EE5CF756470796436E201961D"
"B2-PASS-04_MANIFEST.json","engineering\manifests\batch-2\B2-PASS-04_MANIFEST.json",".json","461","False","False","False","False","False","False","False","False","False","False","False","False","44C2B0538613198383BE3EBEB7D09E943FB6BC1E1C01DB598981CC011542AF99"
"B2-PASS-05_MANIFEST.json","engineering\manifests\batch-2\B2-PASS-05_MANIFEST.json",".json","317","False","False","False","False","False","False","False","False","False","False","False","False","C87CF27B3432E0D2D6F6B0E5B18CD0D244B36C2E4AAE0326434AB7639B91F4A6"
"BATCH_2_ENGINE_CONSOLIDATION_COMPLETION_MANIFEST.json","engineering\manifests\batch-2\BATCH_2_ENGINE_CONSOLIDATION_COMPLETION_MANIFEST.json",".json","1478","False","False","False","False","False","False","False","False","False","False","False","False","21A4C44B01C3B732C1A0010D30674BF99AB6010390E750F43456C347DD7DAAF9"
"B3-PASS-01_MANIFEST.json","engineering\manifests\batch-3\B3-PASS-01_MANIFEST.json",".json","592","False","False","False","True","True","False","False","False","False","False","False","False","A67BA1D211A4113B6A0D13197E17C2A5CE219EAB678A0CD48C62FC24E7E2E167"
"B3-PASS-02_MANIFEST.json","engineering\manifests\batch-3\B3-PASS-02_MANIFEST.json",".json","566","False","False","False","False","False","False","False","False","False","False","False","False","7D4DAECB9F4C2C5C4BB98CB6D42CD3F5EAC5A75F401CCD55F7A9B7F66F377B74"
"B3-PASS-03_MANIFEST.json","engineering\manifests\batch-3\B3-PASS-03_MANIFEST.json",".json","583","False","False","False","True","True","False","False","False","False","False","False","False","65E811D7E0E89D98DB1F83C992C86F75187ECD14E936E18431E91879CF05F921"
"B3-PASS-04_MANIFEST.json","engineering\manifests\batch-3\B3-PASS-04_MANIFEST.json",".json","567","False","False","False","False","False","False","False","False","False","False","False","False","961E75E7A778C67F5C26BA8688DFFE3341C2468DACEF3DFAD91FF55D16F3B6FD"
"B3-PASS-05_MANIFEST.json","engineering\manifests\batch-3\B3-PASS-05_MANIFEST.json",".json","581","False","False","False","False","False","False","False","False","False","False","False","False","8CD00B402E7C390601F5D85C679A0BBC881CA6C0409B1743A70C5B94D4932E79"
"BATCH_3_INITIALIZATION_MANIFEST.json","engineering\manifests\batch-3\BATCH_3_INITIALIZATION_MANIFEST.json",".json","395","False","False","False","False","False","False","False","False","False","False","False","False","8EBBFE9AB51F004B9BB13A55F4650E0763FA33A5B6E8F947743E045D19983A0F"
"MorningStar.Engine.Common.psm1","engineering\modules\MorningStar.Engine.Common.psm1",".psm1","5932","False","False","True","False","False","False","True","False","True","False","False","True","0AAD08FA41CB7D522388F55405B8E47F318B53D828EC9E8A3ECBEE180016220E"
"B2_PASS01_STATUS.json","engineering\reports\batch-2\B2-PASS-01\B2_PASS01_STATUS.json",".json","338","False","False","False","False","False","False","False","False","False","False","False","False","83F6EB0F3E216BCF00DF4ED8D6EE141B8780279A6997A94FFC007854487935E1"
"Invoke-B2Pass01-EngineInventory.ps1","engineering\tools\Invoke-B2Pass01-EngineInventory.ps1",".ps1","4014","False","False","False","False","True","False","False","True","False","False","True","True","FE97AE1EB4388BEDD7A9DAB7F886995874B58A39732B96A74E1571CC8241EF64"
"Invoke-B2Pass02-PathGeneralization.ps1","engineering\tools\Invoke-B2Pass02-PathGeneralization.ps1",".ps1","9308","False","False","False","False","True","False","True","True","False","False","True","True","75D3467FB855A2EC3D95E57FEDB00091B1D104EA638B013885B8B8C97915A857"
"Invoke-B2Pass03-AssertionMigration.ps1","engineering\tools\Invoke-B2Pass03-AssertionMigration.ps1",".ps1","11922","False","False","True","False","True","False","True","True","False","False","True","True","98E3F0EFB929B10AE97AB20A59516E816B45976B42F5B7CC47EA2AAFCF62102E"
"Invoke-B2Pass04-ValidationConsolidation.ps1","engineering\tools\Invoke-B2Pass04-ValidationConsolidation.ps1",".ps1","9130","False","False","True","False","True","False","True","True","False","False","True","True","6599188D7C151E6CF9E8D96A6820C78EBC3E8261ABD9D6FC68D201CE06526E16"
"Invoke-B2Pass05-FinalVerification.ps1","engineering\tools\Invoke-B2Pass05-FinalVerification.ps1",".ps1","15527","False","False","False","False","True","False","True","True","False","False","True","True","E230550779E8131D32036F962C26B7006408DB7B3026A60C83584AD8C0544E04"
"Invoke-B3Pass01-RuntimeInventory.ps1","engineering\tools\Invoke-B3Pass01-RuntimeInventory.ps1",".ps1","14251","False","False","True","True","True","True","True","True","True","True","True","True","F06DEDF8E94B32377F23239430CFE63C14C7AA416B04C294786072423E972FAB"
"Invoke-B3Pass02-CommandStandardization.ps1","engineering\tools\Invoke-B3Pass02-CommandStandardization.ps1",".ps1","231","False","False","False","False","False","False","True","False","False","False","False","False","2B6217DC65BE063CD1699298FA9CD17AA79C20A9230B444DB8B075FD21E3FC4F"
"Invoke-B3Pass03-OperationalStandards.ps1","engineering\tools\Invoke-B3Pass03-OperationalStandards.ps1",".ps1","250","False","False","False","True","True","False","True","False","False","False","False","False","4ECAD122D36507418E4BBA616E90F1ED6FA5FEF9E992DBA10C1C6AB717DF33F0"
"Invoke-B3Pass04-DeterminismVerification.ps1","engineering\tools\Invoke-B3Pass04-DeterminismVerification.ps1",".ps1","231","False","False","False","False","False","False","True","False","False","False","False","False","C2D75FE5C5506762C9FEA01C995FA0D075CE98585347F72C035766FAEE7A5D6B"
"Invoke-B3Pass05-FinalVerification.ps1","engineering\tools\Invoke-B3Pass05-FinalVerification.ps1",".ps1","251","False","False","False","False","False","False","True","False","False","False","False","False","9198F51ED6F571BA42B9899D2C37EF62699D14C085F5448E2C3A8B1431110027"
"Invoke-EngineHelperConsolidation.ps1","engineering\tools\Invoke-EngineHelperConsolidation.ps1",".ps1","12031","False","False","True","False","True","False","True","True","False","False","True","True","A1A027365F050811CEC7FB2BEE69024F446A306921B2BC56B467D837D2249DDE"
"Invoke-MorningStarRepositoryCleanup.ps1","Invoke-MorningStarRepositoryCleanup.ps1",".ps1","28472","False","False","False","False","True","True","True","True","False","False","True","True","C5A193DF316855C0FB99BD61DD8B88CA945B41AEACD06CBF2A50BD690325DA03"
"generate_pdf.py","orynth-reference-architecture\papers\publication-package\export\generate_pdf.py",".py","2476","False","False","False","False","False","False","False","False","False","False","False","False","4E56353084A07CBAF24CB04622EE195749FCFD2EA2B805A61E6FB0B49F4AA649"
"repair-stage5.ps1","repair-stage5.ps1",".ps1","41018","False","False","False","False","True","True","True","True","False","False","True","True","495475C3F956ADFC452399F59572AE8BB3FA11C10F115592457D948917D7E1A5"
"pyproject.toml","runtime\pyproject.toml",".toml","747","True","True","False","True","False","False","False","False","False","False","False","False","87F92E7377CCB05E8B50FDA1DBFEE810C0CDFAA686B1B8AC8F249D745A3A8524"
"runtime.config.json","runtime\runtime.config.json",".json","570","True","False","False","False","False","False","False","False","False","False","False","False","FE2FA9864428377D029E0743BC9E287B232F7A9CD5C2BDB59E7F6B5E048895F8"
"runtime-config-v1.schema.json","runtime\schemas\runtime-config-v1.schema.json",".json","1358","True","False","False","True","False","False","False","False","False","False","False","False","1909A39B8B14306294FE02E87C0D35D2FA3E83E759D32CCC8E776F37EA1F89E7"
"__init__.py","runtime\src\morning_star\__init__.py",".py","4145","True","False","False","False","False","False","False","False","False","False","False","False","3D4BC79C3C42D6A9E594EB3EB3D81DBCB2A8736432060A2D6609114DCAC10946"
"__init__.py","runtime\src\morning_star\api\__init__.py",".py","83","True","False","False","False","False","False","False","False","False","False","False","False","B57E68125559C2C63D7495D7FCD49EF49C0C087CABE5321B0DE9864EF3A7048E"
"runtime.py","runtime\src\morning_star\api\runtime.py",".py","13165","True","True","False","True","False","False","True","False","False","False","False","False","C734C789E928975758FFB5CFBF85F708F4E5F3EF8AEDB5478E8D54AE369D7B1A"
"__init__.py","runtime\src\morning_star\cli\__init__.py",".py","107","True","False","False","False","False","False","False","False","False","False","False","False","E9EC16D4528729AFD0260CB1275A4BFC7C773A4774436A7F21F9BE4D3174A3F2"
"main.py","runtime\src\morning_star\cli\main.py",".py","4037","True","True","True","True","False","True","True","False","False","False","False","False","3CDEC947D658E2E86AD80C76A258A25703AC4E52A1CE0F7CCA6DA3865F01ACCD"
"__init__.py","runtime\src\morning_star\config\__init__.py",".py","89","True","False","False","True","False","False","False","False","False","False","False","False","5699891A1AF0FE4275B2941D71757A4A9B0D30CC7D175AF4A4C7D26DA4E33873"
"runtime.py","runtime\src\morning_star\config\runtime.py",".py","4332","True","True","False","True","False","False","True","False","False","False","False","False","02C667074A0335CEE78B28714C803BE0562A31856ABF9079805E65EA5732E36C"
"__init__.py","runtime\src\morning_star\engines\__init__.py",".py","465","True","False","False","False","False","False","False","False","False","False","False","False","5C7E7F186BB146814B53EE644B4FB3409C7573CA485F4A524B6ADA5432120DF3"
"dependencies.py","runtime\src\morning_star\engines\dependencies.py",".py","4844","True","False","False","False","False","False","False","False","False","False","False","False","F11D4CA4C5F38F11BE9596A10A937B62B94B952D86C275E51E8E75369C9201BA"
"initiation.py","runtime\src\morning_star\engines\initiation.py",".py","4972","True","False","False","False","False","False","False","False","False","False","False","False","4051A0E0A64D05778BA7BEC3926C69E8A2A5C5564C6F220077D5CC1678E77657"
"interpretation.py","runtime\src\morning_star\engines\interpretation.py",".py","4920","True","False","False","False","False","False","False","False","False","False","False","False","63C9B7F357D08B33F1C2DEE98BC4D290EB9CB1845B9DDD3CBA3B78E50C34F78F"
"manifest.py","runtime\src\morning_star\engines\manifest.py",".py","3919","True","False","False","False","False","False","True","False","False","False","False","False","10A0D7BFF470C95C1E4A3A5EC8F47D4B3DFE4865C0BDF773B17D3119675B06FE"
"navigation.py","runtime\src\morning_star\engines\navigation.py",".py","6107","True","False","False","False","False","False","False","False","True","False","False","False","BE3853FE2F787A7772A46B044055A28E2E6AB9CBA0A9ABB50C04AD7B514945DE"
"registry_ingestion.py","runtime\src\morning_star\engines\registry_ingestion.py",".py","2593","True","False","False","False","False","False","True","False","False","False","False","False","9DAC6F954E37A76DFBB6BA46606B0733A39E5D099101B934EA8C59107414C5DE"
"runtime.py","runtime\src\morning_star\engines\runtime.py",".py","3390","True","True","False","False","False","False","False","False","False","False","False","False","BB28CE2196CFEDA6E275FE5A1F5746A43BFBE955C7F47B445527A0D0BE63CA64"
"transitions.py","runtime\src\morning_star\engines\transitions.py",".py","4034","True","False","False","False","False","False","True","False","True","False","False","False","CACE59AA68F0D141F0D808324D3BA5593897C84C5C0DE2FA9C7BBC205020B5CA"
"validation.py","runtime\src\morning_star\engines\validation.py",".py","15641","True","False","False","False","False","False","False","True","False","False","False","False","279C07F05C6CF87909F515D9E911D45E4C2068C3C03913DA4ED8D790DBEAD9EB"
"__init__.py","runtime\src\morning_star\models\__init__.py",".py","362","True","False","False","False","False","False","False","False","False","False","False","False","ED9264AAF4252A1054ED762CB68C1A7BB5C9F0C8F263A5A44E72E493C4E889A8"
"canonical.py","runtime\src\morning_star\models\canonical.py",".py","8187","True","False","False","False","False","False","True","True","True","False","False","False","8C0223BDDEAA2CDA3667405BCBC39675A491936E737616CDEC781E79EDEEDEDB"
"enums.py","runtime\src\morning_star\models\enums.py",".py","2778","True","False","False","False","False","False","False","False","False","False","False","False","15A6300DABE49F49854763391ECBC5CB3382A9C834FFC4E68EEE3F872198B9FE"
"envelopes.py","runtime\src\morning_star\models\envelopes.py",".py","4022","True","False","False","True","False","False","True","False","True","False","False","False","8A106143AF6C5962007241E6FF0BA1828629BC6A7DA7DB8CA423BA817046F9FA"
"failures.py","runtime\src\morning_star\models\failures.py",".py","8691","True","False","False","True","False","False","True","False","False","False","False","False","91565E9288D432F70320BACCAABA76A41E9A2D89BC0081B9F45F77118C490618"
"reconstruction.py","runtime\src\morning_star\models\reconstruction.py",".py","10395","True","False","False","False","False","False","True","True","False","False","False","False","305D543D385B49B3E9B386CA7FEFFC05321FCDD7793A9523566837B3DFEF3661"
"serialization.py","runtime\src\morning_star\models\serialization.py",".py","3986","True","False","False","False","False","False","True","False","False","False","False","False","8ECF5DBD078275C28D08B56FF05181B0C1E1A1722104C87B3C2EFAD508CF8CF4"
"snapshot.py","runtime\src\morning_star\models\snapshot.py",".py","2928","True","False","False","False","False","False","True","False","True","False","False","False","A89C52DD9C03F36794FA95532D57227063CEB17645570F6AA114B36B504B356C"
"transitions.py","runtime\src\morning_star\models\transitions.py",".py","7647","True","False","False","False","False","False","True","False","False","False","False","False","61BB6A02C5009A729824FF41934DA4F716561BD46E25821E82542405A2F29199"
"__init__.py","runtime\src\morning_star\registries\__init__.py",".py","343","True","False","False","False","False","False","False","False","False","False","False","False","58F756CCDD6CD3C3DFD2892566F1D1BD051BD419AAEBE567CF1988DF4E4469AD"
"memory.py","runtime\src\morning_star\registries\memory.py",".py","1385","True","False","False","False","False","False","True","False","False","False","False","False","4A2B6D41A2AD0336EE98615A67E35BCCBF04426E8F943C71972954D57E822C33"
"persistent.py","runtime\src\morning_star\registries\persistent.py",".py","3950","True","False","False","True","False","False","True","True","False","False","True","False","7D827D7652E57516B98882FA7171AE9A5B7B69FF1A10F85E929FEB3066166E37"
"persistent_trace.py","runtime\src\morning_star\registries\persistent_trace.py",".py","4618","True","False","False","True","False","False","True","True","False","False","False","False","5D36A9E293CEEFC69B2CCB86DED1DE2A6798AC49B6722B57D8DD1E53249EF3CF"
"repository.py","runtime\src\morning_star\registries\repository.py",".py","3092","True","False","False","False","False","False","True","False","False","False","False","False","745ADCDF429FD11687521819057E4EF882C1CC78677945561A7822528914B85A"
"trace_ledger.py","runtime\src\morning_star\registries\trace_ledger.py",".py","977","True","False","False","True","False","False","False","False","False","False","False","False","4800E2F545CFCA7A35683A5D1ECDC6A71D2A47723901F3606EC2DECA48B4D83D"
"transaction.py","runtime\src\morning_star\registries\transaction.py",".py","4059","True","False","False","False","False","False","True","False","True","False","False","False","44A403D1FCFD4D8B015BF75BEAC50DFDEF63D2EF495DDFC22D03F913DB15DAA2"
"__init__.py","runtime\src\morning_star\storage\__init__.py",".py","83","True","False","False","False","False","False","False","False","False","False","False","False","4486EB8F97BE3D188587D364A652233F2AE46EFDFA99AC061D0840F2537DAA5B"
"atomic.py","runtime\src\morning_star\storage\atomic.py",".py","1721","True","False","False","False","False","False","True","False","False","False","False","False","E15C76088143E0191C37936E81FB04940C97E14D57A9D4C2C65CB1ABFFFF710A"
"test_entry_conformance.py","runtime\tests\scenarios\test_entry_conformance.py",".py","5728","True","False","False","False","False","False","False","False","True","False","False","False","B79552FFB0FBF7E929C80D2FF9CD0162434368FF72E7A92830551438AC0EC827"
"test_atomic_storage.py","runtime\tests\test_atomic_storage.py",".py","1508","True","False","False","False","False","False","False","False","False","False","False","False","AC4DA2837CC79E1D89751F0A55191F9F09A366E5DEC42D4F73DB57B737BA2D57"
"test_cli.py","runtime\tests\test_cli.py",".py","3671","True","False","False","True","False","False","False","False","False","False","False","False","A6DFA8A493E4B5C3C7131B45C7DFC6C3AFEB7C8EC472C31A561A03AF4D709205"
"test_configuration.py","runtime\tests\test_configuration.py",".py","2714","True","False","False","True","False","False","False","False","False","False","False","False","B749F027893D2AEA63E1304548D4925B493811ECEE572F927814593905242410"
"test_coverage_matrix.py","runtime\tests\test_coverage_matrix.py",".py","887","True","False","False","False","False","False","False","False","False","False","False","False","59B7150B22C7895FA2E854A8BC1907AC0D41F467F6B351CE1EFD2B920935D9A7"
"test_dependencies.py","runtime\tests\test_dependencies.py",".py","2634","True","False","False","False","False","False","False","False","False","False","False","False","FAC42E31911A112BD58970005C8B02F6A711145A896AE8DE0347DB20D9A948CE"
"test_envelopes.py","runtime\tests\test_envelopes.py",".py","2411","True","False","False","False","False","False","False","False","False","False","False","False","FFD73DBDF0AE89BEA7A7BFE363FAA9AC9F954DC69346FE141AB96B7D9DEC42B8"
"test_failures.py","runtime\tests\test_failures.py",".py","1485","True","False","False","False","False","False","False","False","False","False","False","False","427B7C095F64A237D4958B3898CF466AD55EAEEEDE0CB2BC2057014CE8F0D071"
"test_initiation_engine.py","runtime\tests\test_initiation_engine.py",".py","4891","True","False","False","False","False","False","False","False","True","False","False","False","AB3CED0AC76FD742C581886E981CDC4A5F10F9E10A70B3D485AB72E554BF50F1"
"test_interpretation_engine.py","runtime\tests\test_interpretation_engine.py",".py","3054","True","False","False","False","False","False","False","False","True","False","False","False","8202B034F31EE8F6EF15301F52FA623AB108858F3A2E3078694246209B0C558A"
"test_manifest_registry.py","runtime\tests\test_manifest_registry.py",".py","3346","True","False","False","False","False","False","False","False","False","False","False","False","55A3EE688CEF8BCFD3A46794B951F0ADB2167732D2A5BE1F158E5135F4DE1972"
"test_models.py","runtime\tests\test_models.py",".py","3698","True","False","False","False","False","False","False","True","True","False","False","False","0B1FAB79EA25310DCE4A8FF265F1578FA388D073F52AAE138265A4DBB3D8F7F1"
"test_navigation.py","runtime\tests\test_navigation.py",".py","2681","True","False","False","False","False","False","False","False","False","False","False","False","CF592860D4A4547326CE68845825121D446E99C38DEA174E0E18546B93F469BB"
"test_persistent_registry.py","runtime\tests\test_persistent_registry.py",".py","2701","True","False","False","False","False","False","False","False","False","False","False","False","8063EFA29EC61FAA1AF1DA9F3A2DEC4885BF1D21BB629E67EEB13CED0A95C0A0"
"test_persistent_trace.py","runtime\tests\test_persistent_trace.py",".py","2382","True","False","False","False","False","False","False","False","True","False","False","False","AA138150666732233F361E460585B2B45F18B89FB0BF8F13F1C03CFEFB883B2A"
"test_public_api.py","runtime\tests\test_public_api.py",".py","5005","True","False","False","True","False","False","False","False","True","False","False","False","D26D264EAF9ED938121FCBDF99E5973FB5DE00B3F95A6ABD6FF6D01F239D023C"
"test_reconstruction.py","runtime\tests\test_reconstruction.py",".py","2739","True","False","False","False","False","False","False","False","True","False","False","False","5344A274E4596E06B3D88BB71AC99A8B000E32898529AFB2F4862B65D82DBDFF"
"test_registry.py","runtime\tests\test_registry.py",".py","1100","True","False","False","False","False","False","False","False","True","False","False","False","B505F80A1413BE4B79EF7DF7C393ABF66934053E63231D94599706463551304F"
"test_repository.py","runtime\tests\test_repository.py",".py","2174","True","False","False","False","False","False","False","False","False","False","False","False","32CDF9474CF0B5DACA87DBA172362DAFD0078BCF9EF7DCBD43FE8E33A6F6FDE8"
"test_serialization.py","runtime\tests\test_serialization.py",".py","2672","True","False","False","False","False","False","False","False","False","False","False","False","8A7FA316090CF25A6D96A3A2FD80290FFE606936AE7F0528B24190CDA97FF6F6"
"test_snapshot.py","runtime\tests\test_snapshot.py",".py","1944","True","False","False","False","False","False","False","False","False","False","False","False","0C35AD9D7B08376CB039CEB813E894A612487A50094A23B899F1054D6308581A"
"test_trace_ledger.py","runtime\tests\test_trace_ledger.py",".py","1502","True","False","False","False","False","False","False","False","True","False","False","False","4C90D48DA6995A2DDF52E41A8997766999B58CD1DBE1444EC76BCDB6852AA89C"
"test_transaction.py","runtime\tests\test_transaction.py",".py","2237","True","False","False","False","False","False","False","False","False","False","False","False","ACB8265400627C274F032F222E598C9FF7DDB42A6C2C6E76DBC9C9F6FE0DA2EF"
"test_transitions.py","runtime\tests\test_transitions.py",".py","4084","True","False","False","False","False","False","False","False","True","False","False","False","1FA3F4492EB772FA05CDF0B675A94701A9E0C8BF72D9E4A9D25B4D1A9A89787C"
"test_validation.py","runtime\tests\test_validation.py",".py","9037","True","False","False","False","False","False","False","False","True","False","False","False","DDC14E2F7C9F1434AC8BCA941B4273B371CC664BCE72CF843E2A3919490A7DF1"
"architecture-manifest.schema.json","schemas\architecture-manifest.schema.json",".json","1815","True","False","False","True","False","False","False","False","False","False","False","False","D73E6D74FF7D423029F9E992595BF806E45815C5EFF7315DB95B9AB9D076E0D3"
"Invoke-MS-T1T2ControlledExecution.ps1","tools\verification\Invoke-MS-T1T2ControlledExecution.ps1",".ps1","13408","False","False","True","True","True","False","False","True","False","False","False","False","B25EB4944400BA42BCE6741A90727FA837CF6F0F8FE9C58FDB4AB7B550057483"
"Invoke-MS-T1T2ExecutionReadiness.ps1","tools\verification\Invoke-MS-T1T2ExecutionReadiness.ps1",".ps1","14762","False","False","True","False","True","False","True","True","False","False","False","False","2FF741DFFB8CD6B978B2F8AE6D4295677EC39DB2280C5A51C667493B94059057"
"New-MS-T1T2EvidenceCollectionPacket.ps1","tools\verification\New-MS-T1T2EvidenceCollectionPacket.ps1",".ps1","21025","False","False","True","False","True","False","True","True","False","False","False","False","23CEEDB294E4EEF44E3A20B7B1A65BFBBE1E81833A8FD1087690565D35F83621"
"New-MS-T1T2ExactEntryBlueprint.ps1","tools\verification\New-MS-T1T2ExactEntryBlueprint.ps1",".ps1","10547","False","False","True","True","True","False","True","True","False","False","False","False","C0216A8E2028C609E92994121C420990BFC7AF20770F79DC3473A8BC3AAAE2E6"
"New-MS-T1T2ExecutionWorkspaces.ps1","tools\verification\New-MS-T1T2ExecutionWorkspaces.ps1",".ps1","18935","False","False","True","True","True","False","True","True","False","False","False","False","5432FB6299C9DC660DB7746A171B505BB7DC1244DF1CE6BF7462510F2D6F24E5"
"Run-MS-T2.py","verification\MS-T2_DEPENDENCY_PROPAGATION_TRIAL\Run-MS-T2.py",".py","1412","False","False","False","False","False","False","False","False","False","False","False","False","363C5275ED675A71F059B47F3C56A3ACE10EDE3F8AD5240739213DFAD0AA1557"
"CANONICAL_THEOREM_PROFILE.json","volumes\VOLUME_I_FOUNDATION\verification\_NEXT_VERIFICATION_INTAKE\CANONICAL_THEOREM_PROFILE.json",".json","1522","False","False","False","True","False","False","False","False","False","False","False","False","6A40534E653D410B74CBAD19D9A9BFA9EA109C34097D93066930BAFC3F53DDBB"
"SOURCE_DISCOVERY_MANIFEST.json","volumes\VOLUME_I_FOUNDATION\verification\_NEXT_VERIFICATION_INTAKE\SOURCE_DISCOVERY_MANIFEST.json",".json","853","False","False","False","True","False","False","False","False","False","False","False","False","F522C17325B46D6DA9CA94A3D459337527BEF2D7488B882D3D52334FB767778D"
"TARGET.json","volumes\VOLUME_I_FOUNDATION\verification\_NEXT_VERIFICATION_INTAKE\TARGET.json",".json","1206","False","False","False","False","False","False","False","False","False","False","False","False","61F0AD808145BAF4432D727783E25B3C53137968316AE633222B35351705F65A"
"CANONICAL_THEOREM_PROFILE.json","volumes\VOLUME_I_FOUNDATION\verification\MS-T1\source_snapshot\CANONICAL_THEOREM_PROFILE.json",".json","1522","False","False","False","True","False","False","False","False","False","False","False","False","6A40534E653D410B74CBAD19D9A9BFA9EA109C34097D93066930BAFC3F53DDBB"
"SOURCE_DISCOVERY_MANIFEST.json","volumes\VOLUME_I_FOUNDATION\verification\MS-T1\source_snapshot\SOURCE_DISCOVERY_MANIFEST.json",".json","853","False","False","False","True","False","False","False","False","False","False","False","False","F522C17325B46D6DA9CA94A3D459337527BEF2D7488B882D3D52334FB767778D"
"TARGET.json","volumes\VOLUME_I_FOUNDATION\verification\MS-T1\source_snapshot\TARGET.json",".json","704","False","False","False","False","False","False","False","False","False","False","False","False","8A2EF88EDB3C76F3A92A8A83FBAE8C1C4F1A31D78990443A5D32E36DAFEB8BB5"
"CONDITION_EVALUATION_DECISION.json","volumes\VOLUME_I_FOUNDATION\verification\MS-T1\trials\MS-T1-TRIAL-0001\assessment\CONDITION_EVALUATION_DECISION.json",".json","889","False","False","False","True","False","False","False","False","False","False","False","False","1BD0C3794FFEFA8ADAAD603FD84B2D65E149D5BF9CB6AB55D517419B897A46C8"
"CONSTRAINT_EVALUATION_DECISION.json","volumes\VOLUME_I_FOUNDATION\verification\MS-T1\trials\MS-T1-TRIAL-0001\assessment\CONSTRAINT_EVALUATION_DECISION.json",".json","1337","False","False","False","True","False","False","False","False","False","False","False","False","E402F573E3E4CB64A337B98709B9BF8A143A09C0E564EF7A4336DB7584C5BB65"
"EVIDENCE_ADMISSIBILITY_DECISION.json","volumes\VOLUME_I_FOUNDATION\verification\MS-T1\trials\MS-T1-TRIAL-0001\assessment\EVIDENCE_ADMISSIBILITY_DECISION.json",".json","982","False","False","False","True","False","False","False","False","False","False","False","False","7C87467CEAF5368E57CE1EB079F55A498AF9A53C7DAF4A9CA11E7AE49D27BAA2"
"EXECUTION_GATE.json","volumes\VOLUME_I_FOUNDATION\verification\MS-T1\trials\MS-T1-TRIAL-0001\assessment\EXECUTION_GATE.json",".json","1105","False","False","False","True","False","False","False","False","False","False","False","False","C3B991506B166970B9CF7C373B6E459E378FB55416752AC87A355A7813AB7BC2"
"THEOREM_DECISION.json","volumes\VOLUME_I_FOUNDATION\verification\MS-T1\trials\MS-T1-TRIAL-0001\assessment\THEOREM_DECISION.json",".json","2534","False","False","False","True","False","False","False","False","False","False","False","False","0F7E789022C916080B7CE9853AFFB19DAA9402DD53AA05542C5903EA195C7B10"
"CANONICAL_THEOREM_PROFILE.json","volumes\VOLUME_I_FOUNDATION\verification\MS-T1\trials\MS-T1-TRIAL-0001\authority_snapshot\CANONICAL_THEOREM_PROFILE.json",".json","1522","False","False","False","True","False","False","False","False","False","False","False","False","6A40534E653D410B74CBAD19D9A9BFA9EA109C34097D93066930BAFC3F53DDBB"
"TARGET.json","volumes\VOLUME_I_FOUNDATION\verification\MS-T1\trials\MS-T1-TRIAL-0001\authority_snapshot\TARGET.json",".json","704","False","False","False","False","False","False","False","False","False","False","False","False","8A2EF88EDB3C76F3A92A8A83FBAE8C1C4F1A31D78990443A5D32E36DAFEB8BB5"
"MS-T1-CONSTRAINT-0001.json","volumes\VOLUME_I_FOUNDATION\verification\MS-T1\trials\MS-T1-TRIAL-0001\evidence\_SUBMISSIONS\constraints\MS-T1-CONSTRAINT-0001.json",".json","2917","False","False","False","True","False","False","False","False","False","False","False","False","72A4EC86C9BB9B0114ABA0A154A43E1D1E446122B485B5F2C105D390D1BFE109"
"MS-T1-INPUT-0001.json","volumes\VOLUME_I_FOUNDATION\verification\MS-T1\trials\MS-T1-TRIAL-0001\evidence\_SUBMISSIONS\input\MS-T1-INPUT-0001.json",".json","924","False","False","False","True","False","False","False","False","False","False","False","False","B4760FC2F5C45A42AF56CD7879FEA0D8FCC877971D69803284CD71623E0D437D"
"MS-T1-OUTPUT-0001.json","volumes\VOLUME_I_FOUNDATION\verification\MS-T1\trials\MS-T1-TRIAL-0001\evidence\_SUBMISSIONS\output\MS-T1-OUTPUT-0001.json",".json","957","False","False","False","True","False","False","False","False","False","False","False","False","36BBACDA6E91671F5373771170D9DAC92B8EC42D39F5CEDE5636B69697155070"
"SUBMISSION_STATUS.json","volumes\VOLUME_I_FOUNDATION\verification\MS-T1\trials\MS-T1-TRIAL-0001\evidence\_SUBMISSIONS\SUBMISSION_STATUS.json",".json","657","False","False","False","True","False","False","False","False","False","False","False","False","4C12E3A9B08C0CF39AE1CBA3DA592F129BA1D793BC7FA9FABBAC4B77F47B6B5D"
"MS-T1-UNCERTAINTY-0001.json","volumes\VOLUME_I_FOUNDATION\verification\MS-T1\trials\MS-T1-TRIAL-0001\evidence\_SUBMISSIONS\uncertainty\MS-T1-UNCERTAINTY-0001.json",".json","1811","False","False","False","True","False","False","False","False","False","False","False","False","DCA10C9CA4D91821840A10B0C6BFCABF8F2B81D65484CCAD984E4C89B7F94CAC"
"MS-T1-CONSTRAINT-0001.json","volumes\VOLUME_I_FOUNDATION\verification\MS-T1\trials\MS-T1-TRIAL-0001\evidence\registered\constraint\MS-T1-CONSTRAINT-0001.json",".json","2917","False","False","False","True","False","False","False","False","False","False","False","False","72A4EC86C9BB9B0114ABA0A154A43E1D1E446122B485B5F2C105D390D1BFE109"
"MS-T1-INPUT-0001.json","volumes\VOLUME_I_FOUNDATION\verification\MS-T1\trials\MS-T1-TRIAL-0001\evidence\registered\input\MS-T1-INPUT-0001.json",".json","924","False","False","False","True","False","False","False","False","False","False","False","False","B4760FC2F5C45A42AF56CD7879FEA0D8FCC877971D69803284CD71623E0D437D"
"MS-T1-OUTPUT-0001.json","volumes\VOLUME_I_FOUNDATION\verification\MS-T1\trials\MS-T1-TRIAL-0001\evidence\registered\output\MS-T1-OUTPUT-0001.json",".json","957","False","False","False","True","False","False","False","False","False","False","False","False","36BBACDA6E91671F5373771170D9DAC92B8EC42D39F5CEDE5636B69697155070"
"MS-T1-UNCERTAINTY-0001.json","volumes\VOLUME_I_FOUNDATION\verification\MS-T1\trials\MS-T1-TRIAL-0001\evidence\registered\uncertainty\MS-T1-UNCERTAINTY-0001.json",".json","1811","False","False","False","True","False","False","False","False","False","False","False","False","DCA10C9CA4D91821840A10B0C6BFCABF8F2B81D65484CCAD984E4C89B7F94CAC"
"EVIDENCE_READINESS.json","volumes\VOLUME_I_FOUNDATION\verification\MS-T1\trials\MS-T1-TRIAL-0001\EVIDENCE_READINESS.json",".json","1060","False","False","False","True","False","False","False","False","False","False","False","False","EB005A7485655D5F77D5D1E1CD0478DCD5C5D83753DFDDE91D651F927BDCEB9C"
"PUBLICATION_DECISION.json","volumes\VOLUME_I_FOUNDATION\verification\MS-T1\trials\MS-T1-TRIAL-0001\release\PUBLICATION_DECISION.json",".json","1336","False","False","False","True","False","False","False","False","False","False","False","False","31F2B71CA0BF89C4147DD3154122CB56D4C2B52421A581C7195F1A23467A770A"
"RELEASE_INTEGRITY.json","volumes\VOLUME_I_FOUNDATION\verification\MS-T1\trials\MS-T1-TRIAL-0001\release\RELEASE_INTEGRITY.json",".json","648","False","False","False","True","False","False","False","False","False","False","False","False","89159FFABF5E41734571E1D89FE39AA7D460FF60314DD8D23E08E70A0641377B"
"OBSERVATION_SCHEMA.json","volumes\VOLUME_I_FOUNDATION\verification\MS-T1\trials\MS-T1-TRIAL-0001\runtime\OBSERVATION_SCHEMA.json",".json","4281","True","False","False","True","False","False","False","False","False","False","False","False","A99D1944762D51B1A55FB542960D14CC5C7548C16BECD5B272945C2942376456"
"TRIAL_SCENARIO.json","volumes\VOLUME_I_FOUNDATION\verification\MS-T1\trials\MS-T1-TRIAL-0001\runtime\TRIAL_SCENARIO.json",".json","1029","True","False","False","True","False","False","False","False","False","False","False","False","2F2CA64CA2F7AB0396615AED491B4E9844E689164B09B4971581A0DB0F0A1D99"
"TRIAL_INTAKE.json","volumes\VOLUME_I_FOUNDATION\verification\MS-T1\trials\MS-T1-TRIAL-0001\TRIAL_INTAKE.json",".json","1750","False","False","False","True","False","False","False","False","False","False","False","False","26B9D69905AC048316CE5263374AE6A6B3C62CA237B4E6AADC142F91DCA14042"
"TRIAL_STATE.json","volumes\VOLUME_I_FOUNDATION\verification\MS-T1\trials\MS-T1-TRIAL-0001\TRIAL_STATE.json",".json","883","False","False","False","True","False","False","False","False","False","False","False","False","944000B8BCC36523A59E98925D9F0432725A918C3A43F42A26091FE1D29616DF"
"Invoke-BatchAStage3ProposalEngine.ps1","volumes\VOLUME_I_FOUNDATION\verification\readiness\BATCH_EXECUTION\BATCH_A\Engine\Invoke-BatchAStage3ProposalEngine.ps1",".ps1","11671","False","False","True","False","True","False","True","True","False","False","False","True","3FA3D68DB5A585C92EBCC4BC26C3869A723DCB473BC9EF6378E8D723ACBFD165"
"BATCH_A_FINAL_VERIFICATION.json","volumes\VOLUME_I_FOUNDATION\verification\readiness\BATCH_EXECUTION\BATCH_A\Reports\BATCH_A_FINAL_VERIFICATION.json",".json","2429","False","False","False","False","False","False","False","False","False","False","False","False","600CDB259F19AAE985F37CDBD8876D05CCD0F3F953A55E65E1DFB887AB77EAA9"
"BATCH_A_STAGE_0_VERIFICATION.json","volumes\VOLUME_I_FOUNDATION\verification\readiness\BATCH_EXECUTION\BATCH_A\Reports\BATCH_A_STAGE_0_VERIFICATION.json",".json","2736","False","False","False","True","False","False","False","False","False","False","False","False","E5D3DA1C1417F0A614B553B80502DE6EE158B4C48D465EA288FBAE34A352E0E1"
"BATCH_A_STAGE_3_STATUS.json","volumes\VOLUME_I_FOUNDATION\verification\readiness\BATCH_EXECUTION\BATCH_A\Reports\BATCH_A_STAGE_3_STATUS.json",".json","686","False","False","False","False","False","False","False","False","False","False","False","False","B44374BD6A4B01CF4DF05257610FBCCA9EA6C9D64EAF76C8AF206B61387F76BE"
"BATCH_A_STATUS_LATEST.json","volumes\VOLUME_I_FOUNDATION\verification\readiness\BATCH_EXECUTION\BATCH_A\Reports\BATCH_A_STATUS_LATEST.json",".json","2429","False","False","False","False","False","False","False","False","False","False","False","False","600CDB259F19AAE985F37CDBD8876D05CCD0F3F953A55E65E1DFB887AB77EAA9"
"BATCH_A_STAGE_4_EXECUTION_STATUS.json","volumes\VOLUME_I_FOUNDATION\verification\readiness\BATCH_EXECUTION\BATCH_A\Stage_4_Synchronization\Reports\BATCH_A_STAGE_4_EXECUTION_STATUS.json",".json","1085","False","False","False","False","False","False","False","False","False","False","False","False","EC09B30D5F560530355316BBE7292C23BD115664B351CF6D511D754ECED954C4"
"BATCH_A_STAGE_4_PREFLIGHT_STATUS.json","volumes\VOLUME_I_FOUNDATION\verification\readiness\BATCH_EXECUTION\BATCH_A\Stage_4_Synchronization\Reports\BATCH_A_STAGE_4_PREFLIGHT_STATUS.json",".json","752","False","False","False","False","False","False","False","False","False","False","False","False","84732F561F95FF4D76F3BDD566D93E604D98AED598DF8ED0D67F8AD26D9C5037"
"STAGE_4_SYNCHRONIZATION_MANIFEST.json","volumes\VOLUME_I_FOUNDATION\verification\readiness\BATCH_EXECUTION\BATCH_A\Stage_4_Synchronization\STAGE_4_SYNCHRONIZATION_MANIFEST.json",".json","3624","False","False","False","False","False","False","False","False","False","False","False","False","05BAF692218FCF61814A374A40796F42FCA406254F7BEAABF4DB862010C43EDF"
"BATCH_A_STAGE_5_COMPLETION_STATUS.json","volumes\VOLUME_I_FOUNDATION\verification\readiness\BATCH_EXECUTION\BATCH_A\Stage_5_Constitutional_Validation\Reports\BATCH_A_STAGE_5_COMPLETION_STATUS.json",".json","767","False","False","False","False","False","False","False","False","False","False","False","False","32821DAA899EA5F1F80B97573EEB853C4C746510D927BE85693C46272D958EF0"
"BATCH_A_STAGE_5_INITIALIZATION_STATUS.json","volumes\VOLUME_I_FOUNDATION\verification\readiness\BATCH_EXECUTION\BATCH_A\Stage_5_Constitutional_Validation\Reports\BATCH_A_STAGE_5_INITIALIZATION_STATUS.json",".json","377","False","False","False","False","False","False","False","False","False","False","False","False","E8DF579C0A875595CF7B96AD8EF45884C25CAEFA89A020BD92BF96498D885FCF"
"STAGE_5_CONSTITUTIONAL_VALIDATION_MANIFEST.json","volumes\VOLUME_I_FOUNDATION\verification\readiness\BATCH_EXECUTION\BATCH_A\Stage_5_Constitutional_Validation\STAGE_5_CONSTITUTIONAL_VALIDATION_MANIFEST.json",".json","1364","False","False","False","False","False","False","False","False","False","False","False","False","5FDEB0846442AA9B45F76011E5EA796C3057D79C844E358DAADC421AC8713B0A"
"BATCH_A_STAGE_6_COMPLETION_STATUS.json","volumes\VOLUME_I_FOUNDATION\verification\readiness\BATCH_EXECUTION\BATCH_A\Stage_6_Governance_Disposition\Reports\BATCH_A_STAGE_6_COMPLETION_STATUS.json",".json","516","False","False","False","False","False","False","False","False","False","False","False","False","16AAE28EF4ACD3A196B3D7AEB8226377B76580F2AC93EF2E255D0FEBC23B5109"
"STAGE_6_GOVERNANCE_DISPOSITION_MANIFEST.json","volumes\VOLUME_I_FOUNDATION\verification\readiness\BATCH_EXECUTION\BATCH_A\Stage_6_Governance_Disposition\STAGE_6_GOVERNANCE_DISPOSITION_MANIFEST.json",".json","771","False","False","False","False","False","False","False","False","False","False","False","False","39973494F3B417D93EAFF5F2D6D9251C304DD895E0B05A2B9EA732086FA1025A"
"BATCH_A_TRANSACTION_SCHEMA.json","volumes\VOLUME_I_FOUNDATION\verification\readiness\BATCH_EXECUTION\BATCH_A\Transactions\BATCH_A_TRANSACTION_SCHEMA.json",".json","6290","False","False","False","True","False","False","False","False","False","False","False","False","0726E14C28AA01B4DF3821D1EA2551D45EAEEC6F62042CFA6EC3BA6BF2E794EC"
"CANONICAL_WORKLIST_SCHEMA_MANIFEST.json","volumes\VOLUME_I_FOUNDATION\verification\readiness\BATCH_EXECUTION\BATCH_A\Transactions\CANONICAL_WORKLIST_SCHEMA_MANIFEST.json",".json","1768","False","False","False","True","False","False","False","False","False","False","False","False","20792DC6296C714F4F0F47268F60841570BC4A9BC5942B4FF9CAEF92216BA3A0"
"CONTROLLED_ID_AUTHORITY_MANIFEST.json","volumes\VOLUME_I_FOUNDATION\verification\readiness\CONTROLLED_ID_AUTHORITY\CONTROLLED_ID_AUTHORITY_MANIFEST.json",".json","2042","False","False","False","False","False","False","False","False","False","False","False","False","CF1A0BCBAE714E2DF42B20AF05D9C7F9E2F974BE7E268DFC71D4420C4CCF405F"
"MS-T1_CASEID_REVIEW_PACKET.json","volumes\VOLUME_I_FOUNDATION\verification\readiness\CONTROLLED_ID_AUTHORITY\MS-T1_CASEID_REVIEW_PACKET.json",".json","2772","False","False","False","False","False","False","False","False","False","False","False","False","84054CD4804BB4A57CE6F645BEA17A61CFE81D6858721F8F05308AABC599644D"
"MS-T1_T2_COLLECTION_PACKET_MANIFEST.json","volumes\VOLUME_I_FOUNDATION\verification\readiness\MS-T1_T2_COLLECTION_PACKET_MANIFEST.json",".json","111035","False","False","False","False","False","False","False","False","False","False","False","False","CB4A4788A345A12B5C93F73AF658345EEE038072298ADD5BD0BEE984EF70DEAD"
"MS-T1_T2_EXECUTION_READINESS.json","volumes\VOLUME_I_FOUNDATION\verification\readiness\MS-T1_T2_EXECUTION_READINESS.json",".json","21378","False","False","False","False","False","False","False","False","False","False","False","False","1D9F81F611A249DE6E0567CD1C8FF9D517B60FEB9F01BB7E2572A9379F0A832A"
"MS-T1_T2_EXECUTION_SPECIFICATION.json","volumes\VOLUME_I_FOUNDATION\verification\readiness\MS-T1_T2_EXECUTION_SPECIFICATION.json",".json","306","False","False","False","False","False","False","False","False","False","False","False","False","0E20DA401A081679D437E42566439955EF56AF62C6799486F26721A4B0597768"
"MS-T1_T2_EXECUTION_VALIDATION.json","volumes\VOLUME_I_FOUNDATION\verification\readiness\MS-T1_T2_EXECUTION_VALIDATION.json",".json","11014","False","False","False","True","False","False","False","False","False","False","False","False","4BF0E28AB7B1A91251A103207003ECCAB5AFFA974F9D19F10828A6AA0CBBD82A"
"MS-T1_T2_EXECUTION_WORKSPACE_MANIFEST.json","volumes\VOLUME_I_FOUNDATION\verification\readiness\MS-T1_T2_EXECUTION_WORKSPACE_MANIFEST.json",".json","19638","False","False","False","False","False","False","False","False","False","False","False","False","47128C8CCFBE8E0DBAD57630284CC78125DFFA58579CAD2964929DBF616E1F81"
"NEXT_PREEXECUTION_WORK_ITEM.json","volumes\VOLUME_I_FOUNDATION\verification\readiness\MS-T1_T2_PREEXECUTION_COMPLETION\NEXT_PREEXECUTION_WORK_ITEM.json",".json","2981","False","False","False","False","False","False","False","False","False","False","False","False","91297AC3E5E8CC20E9D6BD3DEF4F49B610312BD1DE6DB6472720F9E867C95836"
"PREEXECUTION_COMPLETION_MANIFEST.json","volumes\VOLUME_I_FOUNDATION\verification\readiness\MS-T1_T2_PREEXECUTION_COMPLETION\PREEXECUTION_COMPLETION_MANIFEST.json",".json","2042","False","False","False","False","False","False","False","False","False","False","False","False","CF1A0BCBAE714E2DF42B20AF05D9C7F9E2F974BE7E268DFC71D4420C4CCF405F"
"Test-MS-T1T2PreExecutionCompletion.ps1","volumes\VOLUME_I_FOUNDATION\verification\readiness\MS-T1_T2_PREEXECUTION_COMPLETION\Test-MS-T1T2PreExecutionCompletion.ps1",".ps1","6941","False","False","True","False","True","False","True","True","False","False","False","False","F33B573A61C3A1F2A281A25BEC550B98C7494755E94216761BC6463985355A55"
"canonical-object.schema.json","volumes\VOLUME_II_ONTOLOGY\schemas\canonical-object.schema.json",".json","2089","True","False","False","True","False","False","False","False","False","False","False","False","81D96D4E604226B21CD38EC509BD66B417D3C1853C983828E378D0F7ECD82C0C"
"relationship.schema.json","volumes\VOLUME_II_ONTOLOGY\schemas\relationship.schema.json",".json","1591","True","False","False","True","False","False","False","False","False","False","False","False","D31FB46660DB5E9740E0C2AA8BE55734F8CC95875825324282F927667CB8407E"
"navigation-path.schema.json","volumes\VOLUME_III_NAVIGATION\schemas\navigation-path.schema.json",".json","1753","True","False","False","True","False","False","False","False","False","False","False","False","CFC6EA8FA0FA09F0F5137201F10BB04DF037EA570714D763DBB133FF344D2B86"
"navigation-session.schema.json","volumes\VOLUME_III_NAVIGATION\schemas\navigation-session.schema.json",".json","2024","True","False","False","True","False","False","False","False","False","False","False","False","340E3B777BA6A57B869338E3F69B062AB02AAD38FAB988213F0980504C7C6CEF"
"interpretation.schema.json","volumes\VOLUME_IV_INTERPRETATION\schemas\interpretation.schema.json",".json","2927","True","False","False","True","False","False","False","False","False","False","False","False","E4E1DAC3BBE8AB29814CFD546B91B38F5904CCE9327246C2D2AA5F5096A40C96"
"interpretive-reconstruction.schema.json","volumes\VOLUME_IV_INTERPRETATION\schemas\interpretive-reconstruction.schema.json",".json","1938","True","False","False","True","False","False","False","False","False","False","False","False","D2E0A2B1B6F361D540C6B57C3DB90BDD3DF91995A69442E16D1E1785D94307B4"
"competency-assessment.schema.json","volumes\VOLUME_V_INITIATION\schemas\competency-assessment.schema.json",".json","1967","True","False","False","True","False","False","False","False","False","False","False","False","5926FB67739B7F6C5A32624E8D20BAB6F5AF69526DC1F7AB4C8832926A1B4EFF"
"initiation-record.schema.json","volumes\VOLUME_V_INITIATION\schemas\initiation-record.schema.json",".json","2612","True","False","False","True","False","False","False","False","False","False","False","False","A546CDE70D3971CBC81E70832F27FFEA930702E62078FE06A1E16C49A68F7C32"
